ts_code,trade_date,open,high,low,close,pre_close,change,pct_chg,vol,amount
601988.SH,20260703,5.58,5.63,5.51,5.56,5.58,-0.02,-0.3584,2431256.33,1352124.886
601988.SH,20260702,5.66,5.75,5.53,5.58,5.65,-0.07,-1.2389,2935500.41,1649631.585
601988.SH,20260701,5.67,5.72,5.64,5.65,5.72,-0.07,-1.2238,2007286.42,1137957.517
601988.SH,20260630,5.76,5.78,5.57,5.72,5.8,-0.08,-1.3793,4005578.9,2263814.421
601988.SH,20260629,5.75,5.82,5.62,5.8,5.76,0.04,0.6944,3291220.4,1891600.857
601988.SH,20260626,5.79,5.89,5.75,5.76,5.79,-0.03,-0.5181,3247484.86,1886108.961
601988.SH,20260625,5.9,6.03,5.78,5.79,6.02,-0.23,-3.8206,3780288.35,2222922.055
601988.SH,20260624,6.15,6.2,6.0,6.02,6.14,-0.12,-1.9544,3286798.81,1999414.297
601988.SH,20260623,5.94,6.18,5.92,6.14,5.94,0.2,3.367,3870641.6,2361841.406
601988.SH,20260622,5.78,5.98,5.74,5.94,5.78,0.16,2.7682,3856864.34,2275105.402
601988.SH,20260618,5.92,5.94,5.77,5.78,5.94,-0.16,-2.6936,3651968.56,2125912.675
601988.SH,20260617,6.04,6.08,5.92,5.94,6.04,-0.1,-1.6556,2320137.19,1387016.243
601988.SH,20260616,6.1,6.13,6.01,6.04,6.13,-0.09,-1.4682,2246395.12,1358536.175
601988.SH,20260615,6.26,6.27,6.08,6.13,6.29,-0.16,-2.5437,4043855.41,2490148.326
601988.SH,20260612,6.14,6.29,6.1,6.29,6.2,0.09,1.4516,3350003.58,2079619.276
601988.SH,20260611,6.22,6.23,6.11,6.2,6.22,-0.02,-0.3215,2422277.64,1496846.965
601988.SH,20260610,6.14,6.27,6.11,6.22,6.13,0.09,1.4682,3080229.89,1913724.183
601988.SH,20260609,6.1,6.19,6.07,6.13,6.14,-0.01,-0.1629,2561635.28,1571855.743
601988.SH,20260608,6.05,6.17,6.02,6.14,6.05,0.09,1.4876,3623035.13,2212689.496
601988.SH,20260605,5.91,6.05,5.9,6.05,5.9,0.15,2.5424,3643592.24,2187970.116
601988.SH,20260604,5.95,5.99,5.88,5.9,5.95,-0.05,-0.8403,1912124.86,1134051.295
601988.SH,20260603,5.96,5.98,5.86,5.95,5.97,-0.02,-0.335,2636892.41,1560883.827
601988.SH,20260602,5.93,6.05,5.92,5.97,5.93,0.04,0.6745,3296888.73,1976798.793
601988.SH,20260601,5.85,5.94,5.81,5.93,5.86,0.07,1.1945,2793312.75,1641084.318
601988.SH,20260529,5.8,5.91,5.76,5.86,5.81,0.05,0.8606,3406783.0,1992840.665
601988.SH,20260528,5.84,5.93,5.79,5.81,5.85,-0.04,-0.6838,2673152.97,1564819.487
601988.SH,20260527,5.9,5.98,5.81,5.85,5.91,-0.06,-1.0152,2569335.66,1514655.987
601988.SH,20260526,5.88,5.98,5.87,5.91,5.9,0.01,0.1695,2925462.29,1737459.864
601988.SH,20260525,5.84,5.94,5.83,5.9,5.86,0.04,0.6826,2466683.51,1455806.546
601988.SH,20260522,5.79,5.88,5.71,5.86,5.8,0.06,1.0345,3106328.3,1807610.864
601988.SH,20260521,5.71,5.84,5.66,5.8,5.7,0.1,1.7544,3260367.58,1883361.764
601988.SH,20260520,5.83,5.84,5.7,5.7,5.83,-0.13,-2.2298,2070373.18,1191220.935
601988.SH,20260519,5.8,5.9,5.79,5.83,5.79,0.04,0.6908,2718887.25,1593352.605
601988.SH,20260518,5.79,5.82,5.76,5.79,5.79,0.0,0.0,1940883.88,1124118.524
601988.SH,20260515,5.76,5.81,5.69,5.79,5.76,0.03,0.5208,2699421.95,1556875.661
601988.SH,20260514,5.71,5.83,5.7,5.76,5.72,0.04,0.6993,2734276.45,1580479.09
601988.SH,20260513,5.75,5.77,5.69,5.72,5.74,-0.02,-0.3484,1733847.11,993628.097
601988.SH,20260512,5.68,5.78,5.67,5.74,5.68,0.06,1.0563,2497039.01,1433926.085
601988.SH,20260511,5.67,5.69,5.61,5.68,5.68,0.0,0.0,2292314.91,1294937.056
601988.SH,20260508,5.7,5.75,5.66,5.68,5.69,-0.01,-0.1757,1646660.03,936717.491
601988.SH,20260507,5.71,5.76,5.68,5.69,5.71,-0.02,-0.3503,1748485.21,999142.783
601988.SH,20260506,5.75,5.75,5.64,5.71,5.75,-0.04,-0.6957,2679508.74,1519897.392
601988.SH,20260430,5.8,5.85,5.73,5.75,5.79,-0.04,-0.6908,2528233.33,1461444.306
601988.SH,20260429,5.81,5.83,5.73,5.79,5.81,-0.02,-0.3442,2180086.16,1259549.786
601988.SH,20260428,5.74,5.82,5.73,5.81,5.76,0.05,0.8681,1647560.96,952210.043
601988.SH,20260427,5.8,5.84,5.75,5.76,5.81,-0.05,-0.8606,1668171.56,964842.08
601988.SH,20260424,5.82,5.84,5.78,5.81,5.82,-0.01,-0.1718,1484477.75,861051.72
601988.SH,20260423,5.83,5.88,5.8,5.82,5.84,-0.02,-0.3425,1588391.86,927613.368
601988.SH,20260422,5.93,5.95,5.83,5.84,5.93,-0.09,-1.5177,1616782.44,948819.566
601988.SH,20260421,5.89,5.97,5.89,5.93,5.9,0.03,0.5085,2053820.68,1218008.177
601988.SH,20260420,5.75,5.92,5.74,5.9,5.77,0.13,2.253,2580279.73,1512553.844
601988.SH,20260417,5.77,5.82,5.75,5.77,5.79,-0.02,-0.3454,1531680.13,884406.388
601988.SH,20260416,5.8,5.87,5.76,5.79,5.79,0.0,0.0,1890438.03,1096909.201
601988.SH,20260415,5.71,5.82,5.7,5.79,5.73,0.06,1.0471,2310032.34,1335510.071
601988.SH,20260414,5.66,5.74,5.65,5.73,5.69,0.04,0.703,1880664.5,1072107.399
601988.SH,20260413,5.65,5.69,5.58,5.69,5.65,0.04,0.708,2002528.06,1128552.342
601988.SH,20260410,5.68,5.68,5.62,5.65,5.69,-0.04,-0.703,1776263.58,1002071.045
601988.SH,20260409,5.74,5.77,5.67,5.69,5.74,-0.05,-0.8711,2235350.39,1275037.216
601988.SH,20260408,5.77,5.78,5.63,5.74,5.8,-0.06,-1.0345,3149179.43,1799283.321
601988.SH,20260407,5.82,5.84,5.75,5.8,5.82,-0.02,-0.3436,2509963.5,1454371.237
601988.SH,20260403,5.95,5.96,5.78,5.82,5.94,-0.12,-2.0202,2392149.89,1394574.302
601988.SH,20260402,5.87,5.97,5.84,5.94,5.87,0.07,1.1925,2929241.88,1738174.185
601988.SH,20260401,5.89,5.95,5.85,5.87,5.87,0.0,0.0,3431892.69,2022103.026
601988.SH,20260331,5.67,5.91,5.67,5.87,5.67,0.2,3.5273,6522540.9,3811964.949
601988.SH,20260330,5.55,5.68,5.55,5.67,5.57,0.1,1.7953,2896330.41,1632080.169
601988.SH,20260327,5.57,5.6,5.56,5.57,5.58,-0.01,-0.1792,2174305.54,1212935.0
601988.SH,20260326,5.53,5.6,5.52,5.58,5.55,0.03,0.5405,2750513.17,1534222.231
601988.SH,20260325,5.46,5.55,5.38,5.55,5.47,0.08,1.4625,3172409.8,1738485.855
601988.SH,20260324,5.38,5.49,5.37,5.47,5.39,0.08,1.4842,3009443.05,1637804.287
601988.SH,20260323,5.49,5.5,5.32,5.39,5.51,-0.12,-2.1779,4331484.8,2331714.888
601988.SH,20260320,5.52,5.58,5.49,5.51,5.53,-0.02,-0.3617,2593770.52,1436384.092
601988.SH,20260319,5.48,5.56,5.48,5.53,5.5,0.03,0.5455,3565275.75,1971909.742
601988.SH,20260318,5.5,5.54,5.46,5.5,5.5,0.0,0.0,2981100.31,1638926.258
601988.SH,20260317,5.4,5.5,5.38,5.5,5.4,0.1,1.8519,3623887.76,1981976.896
601988.SH,20260316,5.39,5.42,5.37,5.4,5.39,0.01,0.1855,2069248.8,1117120.525
601988.SH,20260313,5.37,5.42,5.33,5.39,5.37,0.02,0.3724,2379957.58,1280639.45
601988.SH,20260312,5.35,5.38,5.33,5.37,5.36,0.01,0.1866,1642862.48,881262.505
601988.SH,20260311,5.33,5.36,5.3,5.36,5.33,0.03,0.5629,1366548.18,728383.366
601988.SH,20260310,5.35,5.35,5.31,5.33,5.36,-0.03,-0.5597,2038706.11,1085779.417
601988.SH,20260309,5.37,5.41,5.35,5.36,5.39,-0.03,-0.5566,2489436.16,1338798.814
601988.SH,20260306,5.37,5.42,5.35,5.39,5.39,0.0,0.0,1949472.76,1049580.787
601988.SH,20260305,5.31,5.4,5.29,5.39,5.35,0.04,0.7477,2496380.3,1338643.193
601988.SH,20260304,5.41,5.42,5.28,5.35,5.42,-0.07,-1.2915,4238135.53,2254636.214
601988.SH,20260303,5.3,5.44,5.28,5.42,5.31,0.11,2.0716,4955741.07,2669491.489
601988.SH,20260302,5.28,5.33,5.25,5.31,5.28,0.03,0.5682,2279691.56,1208227.863
601988.SH,20260227,5.28,5.3,5.26,5.28,5.27,0.01,0.1898,1419871.66,749568.723
601988.SH,20260226,5.29,5.31,5.25,5.27,5.29,-0.02,-0.3781,1563908.4,824811.745
601988.SH,20260225,5.29,5.31,5.27,5.29,5.29,0.0,0.0,1879282.06,993983.381
601988.SH,20260224,5.32,5.32,5.28,5.29,5.31,-0.02,-0.3766,1575305.58,834519.546
601988.SH,20260213,5.35,5.36,5.3,5.31,5.34,-0.03,-0.5618,2119730.73,1127854.486
601988.SH,20260212,5.41,5.41,5.33,5.34,5.41,-0.07,-1.2939,2353063.83,1259628.812
601988.SH,20260211,5.41,5.43,5.36,5.41,5.41,0.0,0.0,1706868.04,921920.08
601988.SH,20260210,5.38,5.42,5.36,5.41,5.38,0.03,0.5576,2092404.37,1131231.527
601988.SH,20260209,5.33,5.38,5.31,5.38,5.35,0.03,0.5607,1720659.54,920817.687
601988.SH,20260206,5.42,5.43,5.33,5.35,5.4,-0.05,-0.9259,2715983.55,1454130.585
601988.SH,20260205,5.37,5.43,5.35,5.4,5.35,0.05,0.9346,2663431.56,1436793.857
601988.SH,20260204,5.29,5.36,5.28,5.35,5.28,0.07,1.3258,2724759.35,1455002.37
601988.SH,20260203,5.4,5.4,5.27,5.28,5.42,-0.14,-2.583,4487573.15,2382313.835
601988.SH,20260202,5.37,5.45,5.36,5.42,5.37,0.05,0.9311,3385638.58,1834399.009
601988.SH,20260130,5.38,5.43,5.35,5.37,5.37,0.0,0.0,3248548.61,1752185.733
601988.SH,20260129,5.34,5.4,5.3,5.37,5.34,0.03,0.5618,3230121.2,1728023.013
601988.SH,20260128,5.32,5.4,5.3,5.34,5.33,0.01,0.1876,3314040.75,1774217.581
601988.SH,20260127,5.31,5.42,5.3,5.33,5.31,0.02,0.3766,4305911.72,2314067.267
601988.SH,20260126,5.26,5.36,5.23,5.31,5.27,0.04,0.759,3796228.85,2018339.67
601988.SH,20260123,5.32,5.32,5.26,5.27,5.3,-0.03,-0.566,2473740.52,1306482.698
601988.SH,20260122,5.33,5.36,5.3,5.3,5.33,-0.03,-0.5629,2496594.84,1328510.248
601988.SH,20260121,5.44,5.48,5.33,5.33,5.44,-0.11,-2.0221,3641203.3,1959298.227
601988.SH,20260120,5.36,5.45,5.34,5.44,5.36,0.08,1.4925,3174406.78,1716541.504
601988.SH,20260119,5.38,5.42,5.35,5.36,5.4,-0.04,-0.7407,2536826.27,1363336.281
601988.SH,20260116,5.43,5.44,5.38,5.4,5.43,-0.03,-0.5525,2862660.15,1548257.786
601988.SH,20260115,5.46,5.49,5.42,5.43,5.47,-0.04,-0.7313,2276585.33,1240839.852
601988.SH,20260114,5.53,5.54,5.46,5.47,5.55,-0.08,-1.4414,3623348.58,1986896.75
601988.SH,20260113,5.52,5.61,5.52,5.55,5.53,0.02,0.3617,3537673.23,1969724.042
601988.SH,20260112,5.47,5.54,5.44,5.53,5.49,0.04,0.7286,2615674.52,1436981.079
601988.SH,20260109,5.51,5.52,5.46,5.49,5.52,-0.03,-0.5435,2276233.24,1248627.643
601988.SH,20260108,5.56,5.56,5.48,5.52,5.56,-0.04,-0.7194,3166872.04,1742625.353
601988.SH,20260107,5.58,5.6,5.55,5.56,5.59,-0.03,-0.5367,2744756.97,1528918.706
601988.SH,20260106,5.67,5.67,5.55,5.59,5.67,-0.08,-1.4109,5606428.36,3133843.907
601988.SH,20260105,5.73,5.76,5.64,5.67,5.73,-0.06,-1.0471,3461974.26,1964034.946
601988.SH,20251231,5.66,5.76,5.66,5.73,5.67,0.06,1.0582,3023692.71,1728942.716
601988.SH,20251230,5.66,5.7,5.61,5.67,5.68,-0.01,-0.1761,2366887.0,1339549.015
601988.SH,20251229,5.61,5.68,5.59,5.68,5.61,0.07,1.2478,2527610.75,1425343.422
601988.SH,20251226,5.65,5.65,5.6,5.61,5.65,-0.04,-0.708,1544955.18,868355.134
601988.SH,20251225,5.66,5.71,5.63,5.65,5.67,-0.02,-0.3527,2268690.1,1285967.452
601988.SH,20251224,5.7,5.73,5.66,5.67,5.7,-0.03,-0.5263,1841497.63,1046784.273
601988.SH,20251223,5.66,5.71,5.63,5.7,5.67,0.03,0.5291,2606330.92,1480489.709
601988.SH,20251222,5.65,5.67,5.61,5.67,5.66,0.01,0.1767,1665176.02,940397.556
601988.SH,20251219,5.69,5.69,5.63,5.66,5.7,-0.04,-0.7018,2398602.97,1358087.146
601988.SH,20251218,5.61,5.71,5.58,5.7,5.61,0.09,1.6043,2879645.56,1630967.673
601988.SH,20251217,5.58,5.66,5.56,5.61,5.59,0.02,0.3578,2517010.89,1412535.014
601988.SH,20251216,5.6,5.62,5.55,5.59,5.61,-0.02,-0.3565,2216269.97,1238134.798
601988.SH,20251215,5.59,5.64,5.58,5.61,5.59,0.02,0.3578,2019361.4,1133325.032
601988.SH,20251212,5.7,5.71,5.58,5.59,5.71,-0.12,-2.1016,3563925.85,1999025.485
601988.SH,20251211,5.66,5.71,5.64,5.71,5.64,0.07,1.2411,2527258.41,1433449.523
601988.SH,20251210,5.83,5.85,5.73,5.75,5.84,-0.09,-1.5411,2839998.91,1639088.793
601988.SH,20251209,5.81,5.87,5.79,5.84,5.83,0.01,0.1715,2509226.98,1463990.692
601988.SH,20251208,5.81,5.87,5.77,5.83,5.81,0.02,0.3442,3064729.64,1784673.004
601988.SH,20251205,5.88,5.9,5.77,5.81,5.88,-0.07,-1.1905,3207173.71,1865401.733
601988.SH,20251204,5.95,5.96,5.86,5.88,5.94,-0.06,-1.0101,2499833.11,1474123.942
601988.SH,20251203,6.04,6.08,5.92,5.94,6.06,-0.12,-1.9802,3225531.76,1930305.208
601988.SH,20251202,6.07,6.1,5.98,6.06,6.07,-0.01,-0.1647,2533891.1,1530042.693
601988.SH,20251201,6.06,6.1,6.03,6.07,6.07,0.0,0.0,3065030.56,1858296.01
601988.SH,20251128,6.15,6.15,6.04,6.07,6.17,-0.1,-1.6207,3601178.73,2189779.216
601988.SH,20251127,6.13,6.17,6.06,6.17,6.15,0.02,0.3252,3420242.26,2092863.574
601988.SH,20251126,6.26,6.31,6.11,6.15,6.26,-0.11,-1.7572,4148931.59,2562937.491
601988.SH,20251125,6.15,6.29,6.09,6.26,6.17,0.09,1.4587,4354504.35,2694640.038
601988.SH,20251124,6.29,6.33,6.14,6.17,6.29,-0.12,-1.9078,6199166.67,3852085.963
601988.SH,20251121,6.23,6.39,6.23,6.29,6.24,0.05,0.8013,6807007.31,4294459.516
601988.SH,20251120,5.99,6.33,5.96,6.24,6.0,0.24,4.0,7232047.09,4501080.156
601988.SH,20251119,5.79,6.0,5.78,6.0,5.78,0.22,3.8062,5689427.24,3371096.361
601988.SH,20251118,5.74,5.82,5.71,5.78,5.77,0.01,0.1733,2324185.3,1340338.29
601988.SH,20251117,5.82,5.83,5.69,5.77,5.82,-0.05,-0.8591,2935607.45,1688174.986
601988.SH,20251114,5.74,5.88,5.73,5.82,5.74,0.08,1.3937,3831463.86,2231298.175
601988.SH,20251113,5.77,5.81,5.66,5.74,5.76,-0.02,-0.3472,3044403.99,1743572.794
601988.SH,20251112,5.69,5.82,5.68,5.76,5.68,0.08,1.4085,4009636.41,2312614.501
601988.SH,20251111,5.65,5.69,5.63,5.68,5.66,0.02,0.3534,1625526.77,921543.77
601988.SH,20251110,5.63,5.67,5.6,5.66,5.64,0.02,0.3546,1744063.15,984727.096
601988.SH,20251107,5.66,5.72,5.63,5.64,5.66,-0.02,-0.3534,2237377.87,1266404.442
601988.SH,20251106,5.67,5.7,5.64,5.66,5.69,-0.03,-0.5272,2112734.35,1197058.935
601988.SH,20251105,5.72,5.75,5.66,5.69,5.73,-0.04,-0.6981,2487136.59,1418073.968
601988.SH,20251104,5.68,5.75,5.67,5.73,5.68,0.05,0.8803,4088131.79,2338329.001
601988.SH,20251103,5.59,5.71,5.59,5.68,5.61,0.07,1.2478,4074518.01,2311333.091
601988.SH,20251031,5.66,5.67,5.49,5.61,5.65,-0.04,-0.708,4884455.93,2717254.586
601988.SH,20251030,5.6,5.72,5.59,5.65,5.6,0.05,0.8929,4625521.72,2618922.183
601988.SH,20251029,5.6,5.67,5.56,5.6,5.6,0.0,0.0,3950881.98,2220593.984
601988.SH,20251028,5.59,5.63,5.54,5.6,5.59,0.01,0.1789,2996081.98,1675010.077
601988.SH,20251027,5.51,5.64,5.46,5.59,5.53,0.06,1.085,4410595.35,2454817.704
601988.SH,20251024,5.47,5.57,5.44,5.53,5.49,0.04,0.7286,4317256.22,2382064.082
601988.SH,20251023,5.46,5.52,5.43,5.49,5.46,0.03,0.5495,3778822.29,2072372.182
601988.SH,20251022,5.39,5.47,5.38,5.46,5.39,0.07,1.2987,3365877.08,1827788.249
601988.SH,20251021,5.35,5.4,5.33,5.39,5.36,0.03,0.5597,2619478.23,1407715.231
601988.SH,20251020,5.32,5.39,5.24,5.36,5.34,0.02,0.3745,3335802.72,1771036.686
601988.SH,20251017,5.38,5.43,5.33,5.34,5.38,-0.04,-0.7435,3096181.25,1667212.88
601988.SH,20251016,5.28,5.4,5.27,5.38,5.28,0.1,1.8939,4077234.67,2176680.82
601988.SH,20251015,5.28,5.31,5.24,5.28,5.28,0.0,0.0,2922443.2,1540688.791
601988.SH,20251014,5.19,5.29,5.16,5.28,5.2,0.08,1.5385,3861011.33,2026534.448
601988.SH,20251013,5.21,5.25,5.15,5.2,5.23,-0.03,-0.5736,3021411.16,1570451.123
601988.SH,20251010,5.22,5.28,5.21,5.23,5.23,0.0,0.0,2409802.6,1263371.303
601988.SH,20251009,5.18,5.23,5.13,5.23,5.18,0.05,0.9653,2689854.54,1393383.72
601988.SH,20250930,5.19,5.21,5.16,5.18,5.2,-0.02,-0.3846,1921347.7,995407.457
601988.SH,20250929,5.24,5.24,5.16,5.2,5.24,-0.04,-0.7634,2917788.46,1516930.591
601988.SH,20250926,5.23,5.27,5.2,5.24,5.24,0.0,0.0,1796615.78,941038.598
601988.SH,20250925,5.27,5.28,5.21,5.24,5.28,-0.04,-0.7576,2443718.41,1278506.18
601988.SH,20250924,5.29,5.37,5.27,5.28,5.3,-0.02,-0.3774,3266236.72,1733861.44
601988.SH,20250923,5.19,5.35,5.16,5.3,5.21,0.09,1.7274,4545930.9,2403683.929
601988.SH,20250922,5.27,5.3,5.21,5.21,5.29,-0.08,-1.5123,1966401.63,1029995.116
601988.SH,20250919,5.29,5.3,5.2,5.29,5.3,-0.01,-0.1887,3205615.9,1683744.848
601988.SH,20250918,5.41,5.41,5.29,5.3,5.4,-0.1,-1.8519,3381325.45,1805614.53
601988.SH,20250917,5.42,5.43,5.36,5.4,5.41,-0.01,-0.1848,2425996.92,1308223.172
601988.SH,20250916,5.46,5.47,5.4,5.41,5.46,-0.05,-0.9158,3193591.39,1731385.451
601988.SH,20250915,5.48,5.5,5.45,5.46,5.48,-0.02,-0.365,2335960.95,1276079.49
601988.SH,20250912,5.49,5.53,5.48,5.48,5.5,-0.02,-0.3636,2827502.54,1555441.039
601988.SH,20250911,5.48,5.54,5.44,5.5,5.49,0.01,0.1821,4108413.15,2248226.546
601988.SH,20250910,5.48,5.5,5.45,5.49,5.48,0.01,0.1825,2226585.47,1219577.875
601988.SH,20250909,5.47,5.51,5.46,5.48,5.47,0.01,0.1828,2004368.5,1098727.195
601988.SH,20250908,5.5,5.53,5.46,5.47,5.52,-0.05,-0.9058,3264583.8,1792239.406
601988.SH,20250905,5.59,5.59,5.5,5.52,5.62,-0.1,-1.7794,3670349.2,2029841.862
601988.SH,20250904,5.52,5.65,5.41,5.62,5.55,0.07,1.2613,6529944.05,3605212.942
601988.SH,20250903,5.63,5.63,5.52,5.55,5.63,-0.08,-1.421,3326813.61,1852988.833
601988.SH,20250902,5.52,5.63,5.5,5.63,5.52,0.11,1.9928,4500408.23,2514316.87
601988.SH,20250901,5.53,5.58,5.49,5.52,5.52,0.0,0.0,3406030.08,1883895.13
601988.SH,20250829,5.54,5.63,5.51,5.52,5.53,-0.01,-0.1808,3397582.94,1891118.032
601988.SH,20250828,5.55,5.58,5.5,5.53,5.55,-0.02,-0.3604,2985043.12,1651514.188
601988.SH,20250827,5.65,5.66,5.55,5.55,5.66,-0.11,-1.9435,2861512.87,1601354.358
601988.SH,20250826,5.67,5.7,5.65,5.66,5.68,-0.02,-0.3521,2217983.55,1258560.252
601988.SH,20250825,5.69,5.7,5.64,5.68,5.7,-0.02,-0.3509,3163097.91,1793266.507
601988.SH,20250822,5.71,5.72,5.64,5.7,5.71,-0.01,-0.1751,3293471.95,1871201.844
601988.SH,20250821,5.68,5.73,5.62,5.71,5.67,0.04,0.7055,3973311.41,2263421.584
601988.SH,20250820,5.57,5.73,5.56,5.67,5.56,0.11,1.9784,5845799.83,3309866.723
601988.SH,20250819,5.45,5.59,5.44,5.56,5.45,0.11,2.0183,4400871.13,2430443.192
601988.SH,20250818,5.44,5.46,5.4,5.45,5.45,0.0,0.0,3506009.92,1907307.304
601988.SH,20250815,5.58,5.58,5.42,5.45,5.57,-0.12,-2.1544,6409229.34,3499329.743
601988.SH,20250814,5.58,5.62,5.56,5.57,5.58,-0.01,-0.1792,2292180.33,1281571.424
601988.SH,20250813,5.66,5.69,5.58,5.58,5.66,-0.08,-1.4134,3468750.28,1948540.058
601988.SH,20250812,5.62,5.68,5.61,5.66,5.62,0.04,0.7117,2464794.82,1393801.471
601988.SH,20250811,5.67,5.68,5.59,5.62,5.67,-0.05,-0.8818,2586005.91,1453056.416
601988.SH,20250808,5.71,5.74,5.67,5.67,5.72,-0.05,-0.8741,2323624.71,1323692.634
601988.SH,20250807,5.66,5.72,5.62,5.72,5.66,0.06,1.0601,3031452.72,1725625.625
601988.SH,20250806,5.65,5.68,5.62,5.66,5.65,0.01,0.177,2422622.23,1370569.226
601988.SH,20250805,5.57,5.66,5.55,5.65,5.58,0.07,1.2545,3208842.33,1802682.589
601988.SH,20250804,5.54,5.63,5.53,5.58,5.55,0.03,0.5405,3282292.75,1834910.401
601988.SH,20250801,5.54,5.57,5.5,5.55,5.55,0.0,0.0,2815246.6,1559597.273
601988.SH,20250731,5.53,5.57,5.45,5.55,5.53,0.02,0.3617,3722105.78,2050079.188
601988.SH,20250730,5.49,5.57,5.47,5.53,5.49,0.04,0.7286,3043038.59,1682104.358
601988.SH,20250729,5.55,5.57,5.49,5.49,5.53,-0.04,-0.7233,2456275.77,1355992.558
601988.SH,20250728,5.54,5.57,5.52,5.53,5.53,0.0,0.0,2125063.9,1177941.753
601988.SH,20250725,5.56,5.59,5.52,5.53,5.56,-0.03,-0.5396,2510283.3,1393596.969
601988.SH,20250724,5.64,5.66,5.56,5.56,5.63,-0.07,-1.2433,3468702.97,1941424.781
601988.SH,20250723,5.56,5.68,5.56,5.63,5.58,0.05,0.8961,3820410.39,2153377.537
601988.SH,20250722,5.64,5.65,5.55,5.58,5.65,-0.07,-1.2389,3913312.18,2182999.163
601988.SH,20250721,5.69,5.71,5.63,5.65,5.69,-0.04,-0.703,2451637.31,1386029.904
601988.SH,20250718,5.67,5.72,5.64,5.69,5.67,0.02,0.3527,1827813.0,1040368.068
601988.SH,20250717,5.71,5.73,5.66,5.67,5.71,-0.04,-0.7005,1761573.07,1001183.589
601988.SH,20250716,5.7,5.73,5.66,5.71,5.7,0.01,0.1754,2215049.72,1260792.019
601988.SH,20250715,5.77,5.79,5.7,5.7,5.75,-0.05,-0.8696,2108167.61,1210607.33
601988.SH,20250714,5.7,5.84,5.7,5.75,5.69,0.06,1.0545,3464429.59,2001520.131
601988.SH,20250711,5.83,5.9,5.69,5.69,5.82,-0.13,-2.2337,5043114.75,2922940.53
601988.SH,20250710,5.79,5.88,5.78,5.82,5.78,0.04,0.692,2801539.69,1636781.875
601988.SH,20250709,5.72,5.82,5.7,5.78,5.71,0.07,1.2259,3492826.52,2018853.3
601988.SH,20250708,5.72,5.75,5.69,5.71,5.73,-0.02,-0.349,1801058.36,1029121.014
601988.SH,20250707,5.7,5.74,5.67,5.73,5.7,0.03,0.5263,1877332.7,1072274.822
601988.SH,20250704,5.61,5.72,5.61,5.7,5.62,0.08,1.4235,2965862.43,1685441.772
601988.SH,20250703,5.64,5.67,5.6,5.62,5.65,-0.03,-0.531,2328057.9,1309581.322
601988.SH,20250702,5.66,5.69,5.64,5.65,5.65,0.0,0.0,1881644.94,1065823.346
601988.SH,20250701,5.62,5.71,5.6,5.65,5.62,0.03,0.5338,2895543.67,1641409.362
601988.SH,20250630,5.59,5.63,5.55,5.62,5.6,0.02,0.3571,2504509.04,1401079.469
601988.SH,20250627,5.79,5.8,5.6,5.6,5.8,-0.2,-3.4483,4954852.41,2815455.681
601988.SH,20250626,5.77,5.82,5.74,5.8,5.77,0.03,0.5199,3193893.08,1848446.724
601988.SH,20250625,5.68,5.81,5.66,5.77,5.71,0.06,1.0508,4600331.18,2646559.567
601988.SH,20250624,5.65,5.71,5.6,5.71,5.66,0.05,0.8834,4910505.67,2786514.154
601988.SH,20250623,5.58,5.69,5.55,5.66,5.59,0.07,1.2522,4669572.63,2631135.247
601988.SH,20250620,5.54,5.6,5.52,5.59,5.54,0.05,0.9025,3644070.01,2029043.744
601988.SH,20250619,5.49,5.56,5.47,5.54,5.5,0.04,0.7273,4002497.37,2210779.341
601988.SH,20250618,5.37,5.5,5.35,5.5,5.37,0.13,2.4209,5361917.32,2920986.171
601988.SH,20250617,5.36,5.4,5.36,5.37,5.38,-0.01,-0.1859,2580766.22,1386847.098
601988.SH,20250616,5.32,5.38,5.27,5.38,5.34,0.04,0.7491,4932670.87,2627030.475
601988.SH,20250613,5.42,5.43,5.33,5.34,5.43,-0.09,-1.6575,7546497.69,4047043.783
601988.SH,20250612,5.43,5.44,5.4,5.43,5.43,0.0,0.0,2718151.21,1473069.549
601988.SH,20250611,5.44,5.45,5.41,5.43,5.45,-0.02,-0.367,2503892.73,1359095.345
601988.SH,20250610,5.42,5.49,5.41,5.45,5.43,0.02,0.3683,3650499.47,1990996.541
601988.SH,20250609,5.44,5.46,5.41,5.43,5.45,-0.02,-0.367,2512503.43,1361861.754
601988.SH,20250606,5.47,5.49,5.43,5.45,5.47,-0.02,-0.3656,2649578.38,1443638.857
601988.SH,20250605,5.5,5.51,5.46,5.47,5.5,-0.03,-0.5455,2606604.23,1426854.477
601988.SH,20250604,5.51,5.52,5.49,5.5,5.52,-0.02,-0.3623,1653467.01,909604.517
601988.SH,20250603,5.49,5.54,5.45,5.52,5.52,0.0,0.0,3290209.8,1807538.711
601988.SH,20250530,5.51,5.55,5.49,5.52,5.51,0.01,0.1815,2006006.68,1108124.973
601988.SH,20250529,5.53,5.54,5.49,5.51,5.53,-0.02,-0.3617,1500735.48,826968.263
601988.SH,20250528,5.57,5.58,5.52,5.53,5.56,-0.03,-0.5396,1234812.51,684089.524
601988.SH,20250527,5.52,5.58,5.52,5.56,5.51,0.05,0.9074,1581937.16,879746.712
601988.SH,20250526,5.57,5.58,5.5,5.51,5.57,-0.06,-1.0772,1943686.69,1075934.139
601988.SH,20250523,5.63,5.65,5.57,5.57,5.63,-0.06,-1.0657,1846440.33,1034401.402
601988.SH,20250522,5.62,5.65,5.59,5.63,5.62,0.01,0.1779,1404998.86,789761.472
601988.SH,20250521,5.61,5.65,5.58,5.62,5.61,0.01,0.1783,1620506.9,911122.37
601988.SH,20250520,5.62,5.65,5.58,5.61,5.61,0.0,0.0,1530146.91,858524.495
601988.SH,20250519,5.63,5.66,5.61,5.61,5.63,-0.02,-0.3552,1529714.0,861211.949
601988.SH,20250516,5.67,5.69,5.59,5.63,5.67,-0.04,-0.7055,2474331.18,1391039.113
601988.SH,20250515,5.69,5.73,5.66,5.67,5.68,-0.01,-0.1761,1863262.14,1060183.356
601988.SH,20250514,5.65,5.72,5.63,5.68,5.67,0.01,0.1764,2235242.06,1268937.972
601988.SH,20250513,5.63,5.69,5.58,5.67,5.63,0.04,0.7105,2179978.93,1231977.785
601988.SH,20250512,5.65,5.67,5.57,5.63,5.65,-0.02,-0.354,2441703.0,1372758.468
601988.SH,20250509,5.6,5.69,5.59,5.65,5.6,0.05,0.8929,2075617.37,1174574.394
601988.SH,20250508,5.6,5.66,5.59,5.6,5.62,-0.02,-0.3559,1763933.22,990586.841
601988.SH,20250507,5.52,5.63,5.47,5.62,5.49,0.13,2.3679,3205301.77,1785517.938
601988.SH,20250506,5.55,5.55,5.45,5.49,5.53,-0.04,-0.7233,2495487.38,1367661.561
601988.SH,20250430,5.68,5.7,5.51,5.53,5.7,-0.17,-2.9825,3110406.33,1724906.032
601988.SH,20250429,5.72,5.74,5.67,5.7,5.71,-0.01,-0.1751,1475059.71,841170.034
601988.SH,20250428,5.67,5.74,5.66,5.71,5.66,0.05,0.8834,2134390.0,1218575.682
601988.SH,20250425,5.75,5.76,5.63,5.66,5.71,-0.05,-0.8757,2766927.93,1569609.893
601988.SH,20250424,5.71,5.84,5.71,5.83,5.71,0.12,2.1016,2487850.4,1440954.199
601988.SH,20250423,5.74,5.77,5.68,5.71,5.73,-0.02,-0.349,1670616.18,955895.799
601988.SH,20250422,5.65,5.76,5.64,5.73,5.63,0.1,1.7762,2272085.82,1297373.694
601988.SH,20250421,5.68,5.82,5.62,5.63,5.68,-0.05,-0.8803,2429582.31,1386530.899
601988.SH,20250418,5.64,5.72,5.64,5.68,5.66,0.02,0.3534,1743025.81,990920.018
601988.SH,20250417,5.65,5.66,5.57,5.66,5.66,0.0,0.0,1742137.25,979931.972
601988.SH,20250416,5.58,5.66,5.55,5.66,5.58,0.08,1.4337,2967440.07,1665131.643
601988.SH,20250415,5.47,5.6,5.47,5.58,5.48,0.1,1.8248,2431867.57,1349566.248
601988.SH,20250414,5.42,5.5,5.4,5.48,5.42,0.06,1.107,2336999.89,1275660.397
601988.SH,20250411,5.39,5.42,5.36,5.42,5.38,0.04,0.7435,2164077.7,1166103.128
601988.SH,20250410,5.43,5.43,5.36,5.38,5.41,-0.03,-0.5545,2980461.3,1601787.432
601988.SH,20250409,5.45,5.49,5.38,5.41,5.47,-0.06,-1.0969,3309111.12,1789959.689
601988.SH,20250408,5.4,5.49,5.38,5.47,5.44,0.03,0.5515,3833228.69,2086605.855
601988.SH,20250407,5.58,5.63,5.29,5.44,5.66,-0.22,-3.8869,4586477.82,2506689.603
601988.SH,20250403,5.55,5.66,5.55,5.66,5.59,0.07,1.2522,1684461.74,947149.945
601988.SH,20250402,5.5,5.61,5.5,5.59,5.52,0.07,1.2681,1600788.66,891741.965
601988.SH,20250401,5.6,5.63,5.5,5.52,5.6,-0.08,-1.4286,2121012.78,1177210.538
601988.SH,20250331,5.54,5.64,5.46,5.6,5.5,0.1,1.8182,3039573.09,1696069.361
601988.SH,20250328,5.53,5.53,5.49,5.5,5.53,-0.03,-0.5425,1264740.61,696698.32
601988.SH,20250327,5.47,5.53,5.44,5.53,5.48,0.05,0.9124,1694454.77,933672.076
601988.SH,20250326,5.47,5.5,5.43,5.48,5.48,0.0,0.0,1281762.26,700890.88
601988.SH,20250325,5.4,5.48,5.39,5.48,5.4,0.08,1.4815,1807978.0,984713.614
601988.SH,20250324,5.36,5.43,5.36,5.4,5.36,0.04,0.7463,1669881.6,901449.295
601988.SH,20250321,5.41,5.44,5.35,5.36,5.42,-0.06,-1.107,1592605.5,857626.317
601988.SH,20250320,5.43,5.46,5.38,5.42,5.43,-0.01,-0.1842,1308246.18,708161.431
601988.SH,20250319,5.38,5.44,5.36,5.43,5.37,0.06,1.1173,1982753.17,1072223.043
601988.SH,20250318,5.38,5.39,5.34,5.37,5.37,0.0,0.0,1456673.03,782036.213
601988.SH,20250317,5.36,5.39,5.34,5.37,5.36,0.01,0.1866,1507439.56,809770.631
601988.SH,20250314,5.34,5.38,5.32,5.36,5.33,0.03,0.5629,1906565.42,1021937.162
601988.SH,20250313,5.33,5.36,5.32,5.33,5.33,0.0,0.0,1460993.09,779833.853
601988.SH,20250312,5.37,5.38,5.33,5.33,5.39,-0.06,-1.1132,1450974.99,775174.727
601988.SH,20250311,5.36,5.39,5.34,5.39,5.37,0.02,0.3724,1632937.37,875604.694
601988.SH,20250310,5.41,5.42,5.35,5.37,5.41,-0.04,-0.7394,1589314.77,854012.144
601988.SH,20250307,5.44,5.46,5.41,5.41,5.44,-0.03,-0.5515,1352606.26,734243.712
601988.SH,20250306,5.46,5.47,5.4,5.44,5.47,-0.03,-0.5484,1684126.12,915264.011
601988.SH,20250305,5.38,5.49,5.36,5.47,5.38,0.09,1.6729,2515764.63,1370959.629
601988.SH,20250304,5.41,5.44,5.37,5.38,5.42,-0.04,-0.738,1497830.96,810212.873
601988.SH,20250303,5.41,5.44,5.32,5.42,5.4,0.02,0.3704,2424066.22,1306017.886
601988.SH,20250228,5.42,5.47,5.4,5.4,5.43,-0.03,-0.5525,2044790.24,1109711.951
601988.SH,20250227,5.4,5.45,5.34,5.43,5.41,0.02,0.3697,2189283.3,1182443.824
601988.SH,20250226,5.35,5.42,5.34,5.41,5.36,0.05,0.9328,1765463.11,951466.564
601988.SH,20250225,5.42,5.44,5.33,5.36,5.41,-0.05,-0.9242,2524358.7,1357824.106
601988.SH,20250224,5.46,5.5,5.39,5.41,5.46,-0.05,-0.9158,2376968.73,1289430.564
601988.SH,20250221,5.55,5.56,5.45,5.46,5.55,-0.09,-1.6216,2451667.66,1345156.203
601988.SH,20250220,5.52,5.58,5.51,5.55,5.53,0.02,0.3617,1457961.7,808603.895
601988.SH,20250219,5.53,5.6,5.51,5.53,5.56,-0.03,-0.5396,1733476.44,961684.21
601988.SH,20250218,5.42,5.58,5.42,5.56,5.44,0.12,2.2059,2491190.83,1377286.414
601988.SH,20250217,5.42,5.45,5.36,5.44,5.41,0.03,0.5545,1514834.42,819627.891
601988.SH,20250214,5.41,5.43,5.36,5.41,5.41,0.0,0.0,1504288.36,811801.729
601988.SH,20250213,5.38,5.44,5.37,5.41,5.4,0.01,0.1852,1480430.97,801689.859
601988.SH,20250212,5.38,5.42,5.33,5.4,5.38,0.02,0.3717,1508452.46,811151.574
601988.SH,20250211,5.28,5.38,5.27,5.38,5.27,0.11,2.0873,2077215.47,1111412.193
601988.SH,20250210,5.27,5.31,5.25,5.27,5.28,-0.01,-0.1894,1531866.38,809848.899
601988.SH,20250207,5.3,5.3,5.24,5.28,5.3,-0.02,-0.3774,2014060.1,1061023.06
601988.SH,20250206,5.33,5.36,5.27,5.3,5.32,-0.02,-0.3759,1633365.14,865776.15
601988.SH,20250205,5.46,5.47,5.31,5.32,5.45,-0.13,-2.3853,2155637.87,1154361.663
601988.SH,20250127,5.32,5.49,5.32,5.45,5.31,0.14,2.6365,2312122.81,1256335.259
601988.SH,20250124,5.34,5.36,5.26,5.31,5.34,-0.03,-0.5618,1399697.69,745252.155
601988.SH,20250123,5.24,5.35,5.22,5.34,5.19,0.15,2.8902,2458757.28,1303707.307
601988.SH,20250122,5.42,5.42,5.3,5.31,5.41,-0.1,-1.8484,1741166.76,930656.687
601988.SH,20250121,5.42,5.44,5.36,5.41,5.41,0.0,0.0,1210863.15,655336.683
601988.SH,20250120,5.46,5.47,5.4,5.41,5.45,-0.04,-0.7339,1313380.78,712777.937
601988.SH,20250117,5.48,5.51,5.44,5.45,5.48,-0.03,-0.5474,1263397.65,690984.849
601988.SH,20250116,5.47,5.5,5.42,5.48,5.45,0.03,0.5505,1290913.34,706275.803
601988.SH,20250115,5.43,5.55,5.41,5.45,5.43,0.02,0.3683,1961077.79,1073577.865
601988.SH,20250114,5.36,5.44,5.35,5.43,5.35,0.08,1.4953,1577528.23,852334.667
601988.SH,20250113,5.41,5.45,5.3,5.35,5.45,-0.1,-1.8349,1857741.36,997327.651
601988.SH,20250110,5.47,5.48,5.37,5.45,5.46,-0.01,-0.1832,1642008.62,893317.931
601988.SH,20250109,5.51,5.52,5.41,5.46,5.52,-0.06,-1.087,1644781.06,898201.884
601988.SH,20250108,5.46,5.56,5.43,5.52,5.46,0.06,1.0989,2256534.97,1243339.696
601988.SH,20250107,5.39,5.48,5.34,5.46,5.39,0.07,1.2987,1858052.02,1007224.911
601988.SH,20250106,5.35,5.41,5.21,5.39,5.35,0.04,0.7477,2285665.88,1217417.471
601988.SH,20250103,5.37,5.4,5.26,5.35,5.37,-0.02,-0.3724,2301716.36,1226436.845
601988.SH,20250102,5.51,5.56,5.33,5.37,5.51,-0.14,-2.5408,2678095.57,1454224.689
601988.SH,20241231,5.52,5.59,5.5,5.51,5.53,-0.02,-0.3617,2438727.9,1351634.189
601988.SH,20241230,5.46,5.54,5.45,5.53,5.48,0.05,0.9124,1993781.03,1097072.744
601988.SH,20241227,5.49,5.54,5.36,5.48,5.5,-0.02,-0.3636,2109121.65,1148479.336
601988.SH,20241226,5.51,5.53,5.39,5.5,5.51,-0.01,-0.1815,2366880.16,1293578.859
601988.SH,20241225,5.43,5.59,5.42,5.51,5.43,0.08,1.4733,2655333.28,1463543.893
601988.SH,20241224,5.38,5.44,5.34,5.43,5.36,0.07,1.306,2108740.9,1139130.773
601988.SH,20241223,5.26,5.4,5.25,5.36,5.26,0.1,1.9011,2597727.63,1391033.125
601988.SH,20241220,5.24,5.31,5.24,5.26,5.23,0.03,0.5736,1670059.76,880002.41
601988.SH,20241219,5.27,5.3,5.2,5.23,5.28,-0.05,-0.947,2007496.52,1056014.314
601988.SH,20241218,5.28,5.34,5.25,5.28,5.28,0.0,0.0,2029799.22,1073794.133
601988.SH,20241217,5.27,5.32,5.25,5.28,5.26,0.02,0.3802,1826637.84,963670.206
601988.SH,20241216,5.19,5.3,5.19,5.26,5.18,0.08,1.5444,2345198.46,1232994.986
601988.SH,20241213,5.19,5.22,5.14,5.18,5.2,-0.02,-0.3846,2237834.49,1160504.59
601988.SH,20241212,5.14,5.21,5.12,5.2,5.13,0.07,1.3645,1843780.62,955408.134
601988.SH,20241211,5.21,5.25,5.13,5.13,5.21,-0.08,-1.5355,1915186.46,989982.531
601988.SH,20241210,5.19,5.24,5.13,5.21,5.15,0.06,1.165,2227808.31,1156082.703
601988.SH,20241209,5.1,5.17,5.07,5.15,5.1,0.05,0.9804,2093927.32,1076056.485
601988.SH,20241206,5.08,5.14,5.07,5.1,5.08,0.02,0.3937,2243961.13,1145783.233
601988.SH,20241205,5.09,5.15,5.08,5.08,5.11,-0.03,-0.5871,1411084.48,719955.876
601988.SH,20241204,5.08,5.12,5.06,5.11,5.09,0.02,0.3929,1656670.32,844457.664
601988.SH,20241203,5.01,5.1,4.99,5.09,5.01,0.08,1.5968,2308575.76,1166148.176
601988.SH,20241202,5.01,5.02,4.96,5.01,5.01,0.0,0.0,1682688.82,838891.969
601988.SH,20241129,5.04,5.1,5.01,5.01,5.03,-0.02,-0.3976,2008632.23,1014880.321
601988.SH,20241128,5.02,5.06,5.0,5.03,5.04,-0.01,-0.1984,1401858.64,705571.047
601988.SH,20241127,4.98,5.05,4.98,5.04,4.99,0.05,1.002,2303338.81,1156796.65
601988.SH,20241126,4.91,5.0,4.88,4.99,4.91,0.08,1.6293,1972688.44,977059.179
601988.SH,20241125,4.92,4.97,4.9,4.91,4.91,0.0,0.0,1714040.01,846260.242
601988.SH,20241122,4.96,4.98,4.91,4.91,4.96,-0.05,-1.0081,1580135.31,780729.305
601988.SH,20241121,4.95,4.98,4.94,4.96,4.96,0.0,0.0,1057666.1,523785.91
601988.SH,20241120,4.98,5.0,4.94,4.96,4.98,-0.02,-0.4016,1695159.45,842721.892
601988.SH,20241119,5.01,5.05,4.91,4.98,5.0,-0.02,-0.4,2543577.24,1268152.728
601988.SH,20241118,4.88,5.03,4.88,5.0,4.86,0.14,2.8807,4371190.3,2181676.739
601988.SH,20241115,4.83,4.9,4.79,4.86,4.84,0.02,0.4132,2699257.29,1311011.436
601988.SH,20241114,4.8,4.86,4.78,4.84,4.82,0.02,0.4149,2229949.87,1076933.147
601988.SH,20241113,4.79,4.83,4.78,4.82,4.79,0.03,0.6263,1398411.11,672646.397
601988.SH,20241112,4.81,4.85,4.79,4.79,4.81,-0.02,-0.4158,1765403.27,849353.304
601988.SH,20241111,4.84,4.84,4.8,4.81,4.86,-0.05,-1.0288,2264692.37,1090190.563
601988.SH,20241108,4.93,4.94,4.85,4.86,4.92,-0.06,-1.2195,2478781.43,1210504.85
601988.SH,20241107,4.88,4.93,4.87,4.92,4.89,0.03,0.6135,1969677.98,964964.428
601988.SH,20241106,4.91,4.91,4.87,4.89,4.91,-0.02,-0.4073,1496237.82,731510.067
601988.SH,20241105,4.88,4.91,4.86,4.91,4.89,0.02,0.409,1795769.87,878819.862
601988.SH,20241104,4.89,4.9,4.81,4.89,4.88,0.01,0.2049,1441455.67,699641.841
601988.SH,20241101,4.83,4.9,4.82,4.88,4.82,0.06,1.2448,1898500.17,925097.752
601988.SH,20241031,4.84,4.86,4.81,4.82,4.83,-0.01,-0.207,1669408.04,806367.335
601988.SH,20241030,4.89,4.91,4.83,4.83,4.9,-0.07,-1.4286,1566967.95,760283.13
601988.SH,20241029,4.88,4.92,4.86,4.9,4.88,0.02,0.4098,1619513.59,792257.314
601988.SH,20241028,4.91,4.91,4.85,4.88,4.91,-0.03,-0.611,1634703.3,795257.041
601988.SH,20241025,4.94,4.95,4.9,4.91,4.95,-0.04,-0.8081,1680681.54,826288.021
601988.SH,20241024,4.94,4.99,4.92,4.95,4.96,-0.01,-0.2016,1342990.6,665785.562
601988.SH,20241023,4.95,4.96,4.92,4.96,4.94,0.02,0.4049,1708250.71,843401.375
601988.SH,20241022,4.95,5.0,4.92,4.94,4.95,-0.01,-0.202,2024078.69,999505.436
601988.SH,20241021,5.05,5.05,4.93,4.95,5.05,-0.1,-1.9802,2822321.87,1399016.851
601988.SH,20241018,5.06,5.09,4.94,5.05,5.05,0.0,0.0,2895529.72,1454106.839
601988.SH,20241017,5.1,5.14,5.05,5.05,5.1,-0.05,-0.9804,1889887.81,961257.37
601988.SH,20241016,5.03,5.14,4.99,5.1,5.02,0.08,1.5936,2888840.26,1470243.967
601988.SH,20241015,5.12,5.13,5.01,5.02,5.14,-0.12,-2.3346,2706541.16,1370686.345
601988.SH,20241014,5.07,5.18,5.06,5.14,5.02,0.12,2.3904,4012072.74,2058772.545
601988.SH,20241011,5.03,5.14,4.95,5.02,5.01,0.01,0.1996,3340336.65,1689847.564
601988.SH,20241010,4.84,5.1,4.83,5.01,4.81,0.2,4.158,5637981.17,2807123.076
601988.SH,20241009,4.95,4.98,4.8,4.81,4.97,-0.16,-3.2193,5755678.67,2811300.614
601988.SH,20241008,5.3,5.4,4.92,4.97,5.0,-0.03,-0.6,8329296.3,4243143.413
601988.SH,20240930,4.86,5.09,4.75,5.0,4.87,0.13,2.6694,8027773.16,3934501.056
601988.SH,20240927,5.03,5.05,4.83,4.87,4.99,-0.12,-2.4048,3064403.05,1494576.291
601988.SH,20240926,4.9,5.0,4.87,4.99,4.9,0.09,1.8367,2943666.26,1450168.151
601988.SH,20240925,4.98,5.09,4.82,4.9,4.9,0.0,0.0,3040607.22,1504516.518
601988.SH,20240924,4.72,4.9,4.7,4.9,4.69,0.21,4.4776,2660905.47,1280548.834
601988.SH,20240923,4.63,4.71,4.6,4.69,4.64,0.05,1.0776,1297783.78,605436.434
601988.SH,20240920,4.6,4.65,4.57,4.64,4.61,0.03,0.6508,1636742.63,756507.757
601988.SH,20240919,4.66,4.68,4.58,4.61,4.65,-0.04,-0.8602,1510052.09,695058.453
601988.SH,20240918,4.6,4.66,4.59,4.65,4.58,0.07,1.5284,1190226.12,551285.092
601988.SH,20240913,4.65,4.67,4.55,4.58,4.63,-0.05,-1.0799,1476276.71,679234.437
601988.SH,20240912,4.62,4.66,4.58,4.63,4.63,0.0,0.0,1356145.09,626996.317
601988.SH,20240911,4.78,4.79,4.62,4.63,4.8,-0.17,-3.5417,1964618.78,918883.835
601988.SH,20240910,4.7,4.81,4.69,4.8,4.68,0.12,2.5641,1948048.93,928993.174
601988.SH,20240909,4.74,4.74,4.62,4.68,4.72,-0.04,-0.8475,1328814.62,622262.891
601988.SH,20240906,4.71,4.8,4.71,4.72,4.71,0.01,0.2123,1103782.6,525397.283
601988.SH,20240905,4.74,4.77,4.65,4.71,4.74,-0.03,-0.6329,1702672.29,800742.116
601988.SH,20240904,4.74,4.8,4.71,4.74,4.76,-0.02,-0.4202,1539947.93,730750.282
601988.SH,20240903,4.88,4.9,4.71,4.76,4.9,-0.14,-2.8571,2436378.89,1160518.111
601988.SH,20240902,4.77,4.93,4.73,4.9,4.79,0.11,2.2965,2640424.11,1286335.119
601988.SH,20240830,4.91,4.96,4.79,4.79,4.91,-0.12,-2.444,3780751.67,1831684.845
601988.SH,20240829,5.11,5.12,4.89,4.91,5.12,-0.21,-4.1016,2974357.72,1476152.642
601988.SH,20240828,5.16,5.2,5.08,5.12,5.17,-0.05,-0.9671,2066160.31,1060282.573
601988.SH,20240827,5.07,5.17,5.06,5.17,5.08,0.09,1.7717,1877459.37,964774.435
601988.SH,20240826,5.06,5.08,5.0,5.08,5.08,0.0,0.0,1374832.02,694633.942
601988.SH,20240823,5.07,5.09,5.0,5.08,5.07,0.01,0.1972,1524498.86,770603.455
601988.SH,20240822,4.95,5.09,4.94,5.07,4.95,0.12,2.4242,2146507.66,1082783.331
601988.SH,20240821,4.95,4.97,4.87,4.95,4.96,-0.01,-0.2016,1405577.53,693522.141
601988.SH,20240820,4.93,4.97,4.88,4.96,4.92,0.04,0.813,1824758.9,901550.788
601988.SH,20240819,4.81,4.93,4.79,4.92,4.81,0.11,2.2869,1929694.69,941034.592
601988.SH,20240816,4.75,4.82,4.74,4.81,4.75,0.06,1.2632,1533129.67,734592.748
601988.SH,20240815,4.72,4.76,4.71,4.75,4.72,0.03,0.6356,1291664.05,612385.435
601988.SH,20240814,4.7,4.73,4.69,4.72,4.7,0.02,0.4255,948142.28,446765.144
601988.SH,20240813,4.65,4.72,4.64,4.7,4.66,0.04,0.8584,1491919.7,699882.04
601988.SH,20240812,4.63,4.68,4.62,4.66,4.63,0.03,0.6479,1027279.27,477962.758
601988.SH,20240809,4.62,4.65,4.6,4.63,4.62,0.01,0.2165,961159.32,445225.593
601988.SH,20240808,4.63,4.65,4.61,4.62,4.62,0.0,0.0,734659.05,339718.301
601988.SH,20240807,4.61,4.66,4.59,4.62,4.61,0.01,0.2169,1419535.11,657984.136
601988.SH,20240806,4.66,4.68,4.58,4.61,4.67,-0.06,-1.2848,1789459.01,825638.637
601988.SH,20240805,4.7,4.72,4.64,4.67,4.7,-0.03,-0.6383,1679684.04,785372.223
601988.SH,20240802,4.69,4.74,4.66,4.7,4.69,0.01,0.2132,1388977.81,653410.842
601988.SH,20240801,4.66,4.74,4.6,4.69,4.66,0.03,0.6438,1746427.92,818156.048
601988.SH,20240731,4.78,4.78,4.66,4.66,4.77,-0.11,-2.3061,2393074.4,1122438.71
601988.SH,20240730,4.75,4.78,4.72,4.77,4.74,0.03,0.6329,1584164.97,753444.753
601988.SH,20240729,4.65,4.76,4.57,4.74,4.63,0.11,2.3758,2264297.07,1064746.258
601988.SH,20240726,4.73,4.73,4.58,4.63,4.73,-0.1,-2.1142,2400795.85,1113123.1
601988.SH,20240725,4.75,4.78,4.66,4.73,4.76,-0.03,-0.6303,2000970.04,943779.066
601988.SH,20240724,4.74,4.8,4.73,4.76,4.76,0.0,0.0,2009286.99,957652.951
601988.SH,20240723,4.64,4.81,4.63,4.76,4.65,0.11,2.3656,2806303.09,1330973.361
601988.SH,20240722,4.65,4.67,4.6,4.65,4.67,-0.02,-0.4283,1800670.7,833981.508
601988.SH,20240719,4.66,4.68,4.6,4.67,4.66,0.01,0.2146,2134197.78,990459.066
601988.SH,20240718,4.66,4.67,4.61,4.66,4.66,0.0,0.0,1903945.76,883954.185
601988.SH,20240717,4.65,4.68,4.61,4.66,4.64,0.02,0.431,2824099.59,1313780.784
601988.SH,20240716,4.87,4.97,4.84,4.88,4.85,0.03,0.6186,3332158.12,1629637.396
601988.SH,20240715,4.77,4.87,4.76,4.85,4.77,0.08,1.6771,2191461.22,1058268.744
601988.SH,20240712,4.69,4.79,4.68,4.77,4.7,0.07,1.4894,2073274.56,986445.438
601988.SH,20240711,4.75,4.76,4.67,4.7,4.75,-0.05,-1.0526,2157896.36,1014178.093
601988.SH,20240710,4.74,4.78,4.73,4.75,4.74,0.01,0.211,1375908.33,653951.386
601988.SH,20240709,4.69,4.75,4.66,4.74,4.69,0.05,1.0661,1755526.8,828292.41
601988.SH,20240708,4.64,4.71,4.62,4.69,4.63,0.06,1.2959,1942087.2,910261.319
601988.SH,20240705,4.74,4.75,4.62,4.63,4.74,-0.11,-2.3207,2243659.75,1045754.965
601988.SH,20240704,4.71,4.75,4.7,4.74,4.71,0.03,0.6369,1462570.32,692390.856
601988.SH,20240703,4.76,4.79,4.67,4.71,4.76,-0.05,-1.0504,2157079.51,1016695.101
601988.SH,20240702,4.67,4.76,4.66,4.76,4.67,0.09,1.9272,2246771.63,1062085.419
601988.SH,20240701,4.62,4.7,4.6,4.67,4.62,0.05,1.0823,1955082.52,911075.613
601988.SH,20240628,4.61,4.63,4.59,4.62,4.61,0.01,0.2169,1622231.87,748106.385
601988.SH,20240627,4.55,4.63,4.54,4.61,4.55,0.06,1.3187,2261281.97,1039116.455
601988.SH,20240626,4.51,4.58,4.51,4.55,4.52,0.03,0.6637,1845733.42,840327.361
601988.SH,20240625,4.49,4.53,4.48,4.52,4.49,0.03,0.6682,2027769.79,914009.335
601988.SH,20240624,4.48,4.5,4.46,4.49,4.47,0.02,0.4474,1487371.76,666867.807
601988.SH,20240621,4.49,4.51,4.46,4.47,4.49,-0.02,-0.4454,1304234.65,584487.716
601988.SH,20240620,4.48,4.5,4.46,4.49,4.48,0.01,0.2232,1081443.73,485227.573
601988.SH,20240619,4.44,4.49,4.43,4.48,4.44,0.04,0.9009,1588384.48,710212.719
601988.SH,20240618,4.43,4.45,4.4,4.44,4.43,0.01,0.2257,1088951.02,482315.934
601988.SH,20240617,4.48,4.48,4.42,4.43,4.48,-0.05,-1.1161,1380629.59,613146.904
601988.SH,20240614,4.45,4.49,4.43,4.48,4.45,0.03,0.6742,1703731.86,762017.957
601988.SH,20240613,4.41,4.45,4.4,4.45,4.41,0.04,0.907,1242576.37,551171.605
601988.SH,20240612,4.46,4.46,4.38,4.41,4.46,-0.05,-1.1211,1983114.6,874341.31
601988.SH,20240611,4.53,4.56,4.46,4.46,4.53,-0.07,-1.5453,2091451.39,939990.555
601988.SH,20240607,4.45,4.53,4.44,4.53,4.45,0.08,1.7978,2495264.64,1121336.641
601988.SH,20240606,4.44,4.47,4.44,4.45,4.45,0.0,0.0,1470630.16,654841.312
601988.SH,20240605,4.44,4.46,4.42,4.45,4.44,0.01,0.2252,1093432.36,485849.834
601988.SH,20240604,4.44,4.45,4.43,4.44,4.44,0.0,0.0,922808.6,409662.779
601988.SH,20240603,4.44,4.46,4.41,4.44,4.44,0.0,0.0,1417847.58,628763.238
601988.SH,20240531,4.41,4.45,4.41,4.44,4.41,0.03,0.6803,1347372.39,597365.759
601988.SH,20240530,4.44,4.47,4.4,4.41,4.45,-0.04,-0.8989,1798122.17,796672.629
601988.SH,20240529,4.47,4.48,4.43,4.45,4.48,-0.03,-0.6696,1877565.98,836535.071
601988.SH,20240528,4.51,4.52,4.47,4.48,4.51,-0.03,-0.6652,1630781.02,731134.772
601988.SH,20240527,4.49,4.52,4.48,4.51,4.48,0.03,0.6696,1374852.56,619450.262
601988.SH,20240524,4.51,4.53,4.48,4.48,4.52,-0.04,-0.885,1368772.47,616665.847
601988.SH,20240523,4.53,4.54,4.49,4.52,4.53,-0.01,-0.2208,1548549.33,699481.829
601988.SH,20240522,4.51,4.54,4.49,4.53,4.51,0.02,0.4435,1414913.66,639975.037
601988.SH,20240521,4.47,4.51,4.45,4.51,4.47,0.04,0.8949,1684821.43,756206.682
601988.SH,20240520,4.49,4.54,4.47,4.47,4.49,-0.02,-0.4454,2033899.61,914526.433
601988.SH,20240517,4.47,4.49,4.45,4.49,4.47,0.02,0.4474,1543699.29,690430.209
601988.SH,20240516,4.44,4.48,4.42,4.47,4.44,0.03,0.6757,1592009.43,710360.645
601988.SH,20240515,4.42,4.46,4.42,4.44,4.42,0.02,0.4525,1268611.11,563383.851
601988.SH,20240514,4.46,4.47,4.42,4.42,4.46,-0.04,-0.8969,1680489.87,745130.79
601988.SH,20240513,4.47,4.48,4.43,4.46,4.47,-0.01,-0.2237,1668001.11,743214.13
601988.SH,20240510,4.47,4.5,4.45,4.47,4.47,0.0,0.0,1644349.31,736861.024
601988.SH,20240509,4.53,4.53,4.46,4.47,4.51,-0.04,-0.8869,1681544.98,752648.095
601988.SH,20240508,4.48,4.53,4.48,4.51,4.48,0.03,0.6696,1818127.21,819962.093
601988.SH,20240507,4.48,4.49,4.42,4.48,4.48,0.0,0.0,2426977.14,1080614.97
601988.SH,20240506,4.61,4.62,4.47,4.48,4.59,-0.11,-2.3965,3946545.86,1779665.412
601988.SH,20240430,4.56,4.61,4.54,4.59,4.57,0.02,0.4376,1922882.73,880615.769
601988.SH,20240429,4.55,4.6,4.53,4.57,4.56,0.01,0.2193,2111166.19,964370.988
601988.SH,20240426,4.65,4.68,4.55,4.56,4.65,-0.09,-1.9355,2573693.76,1182496.491
601988.SH,20240425,4.63,4.66,4.6,4.65,4.63,0.02,0.432,1647188.24,762346.7
601988.SH,20240424,4.66,4.68,4.62,4.63,4.66,-0.03,-0.6438,1325816.46,615147.065
601988.SH,20240423,4.66,4.72,4.62,4.66,4.66,0.0,0.0,2025615.03,946982.094
601988.SH,20240422,4.74,4.78,4.65,4.66,4.72,-0.06,-1.2712,2011027.13,945086.044
601988.SH,20240419,4.69,4.74,4.68,4.72,4.69,0.03,0.6397,1509633.0,711421.795
601988.SH,20240418,4.65,4.73,4.64,4.69,4.66,0.03,0.6438,2600968.72,1221936.695
601988.SH,20240417,4.62,4.69,4.55,4.66,4.64,0.02,0.431,2439183.66,1126031.841
601988.SH,20240416,4.58,4.65,4.55,4.64,4.59,0.05,1.0893,2435782.2,1122795.161
601988.SH,20240415,4.49,4.59,4.48,4.59,4.49,0.1,2.2272,2256220.8,1028801.099
601988.SH,20240412,4.48,4.51,4.45,4.49,4.48,0.01,0.2232,1571803.91,705033.113
601988.SH,20240411,4.5,4.51,4.46,4.48,4.5,-0.02,-0.4444,1175295.1,527257.557
601988.SH,20240410,4.48,4.53,4.48,4.5,4.49,0.01,0.2227,1386451.32,625491.52
601988.SH,20240409,4.53,4.57,4.47,4.49,4.53,-0.04,-0.883,1645828.52,741802.592
601988.SH,20240408,4.47,4.55,4.44,4.53,4.48,0.05,1.1161,1800914.55,812507.855
601988.SH,20240403,4.49,4.52,4.46,4.48,4.5,-0.02,-0.4444,1312815.85,588985.057
601988.SH,20240402,4.47,4.51,4.45,4.5,4.46,0.04,0.8969,1305034.33,585789.358
601988.SH,20240401,4.41,4.47,4.39,4.46,4.4,0.06,1.3636,1800108.59,799116.436
601988.SH,20240329,4.37,4.45,4.36,4.4,4.38,0.02,0.4566,1687974.56,745651.756
601988.SH,20240328,4.48,4.49,4.37,4.38,4.49,-0.11,-2.4499,2190751.56,963876.028
601988.SH,20240327,4.44,4.53,4.43,4.49,4.44,0.05,1.1261,1664170.09,745266.934
601988.SH,20240326,4.41,4.44,4.37,4.44,4.4,0.04,0.9091,1583148.05,698027.004
601988.SH,20240325,4.39,4.42,4.36,4.4,4.39,0.01,0.2278,1419827.01,623936.711
601988.SH,20240322,4.38,4.41,4.35,4.39,4.37,0.02,0.4577,1556702.72,681867.075
601988.SH,20240321,4.36,4.42,4.35,4.37,4.35,0.02,0.4598,1739502.82,763517.525
601988.SH,20240320,4.28,4.38,4.27,4.35,4.29,0.06,1.3986,1583317.53,686206.025
601988.SH,20240319,4.34,4.34,4.29,4.29,4.35,-0.06,-1.3793,1663927.38,716268.013
601988.SH,20240318,4.35,4.36,4.3,4.35,4.35,0.0,0.0,1769635.72,766052.51
601988.SH,20240315,4.37,4.4,4.35,4.35,4.37,-0.02,-0.4577,1295432.43,566682.086
601988.SH,20240314,4.35,4.41,4.34,4.37,4.36,0.01,0.2294,1624539.62,709448.122
601988.SH,20240313,4.39,4.4,4.35,4.36,4.39,-0.03,-0.6834,1957893.34,857070.587
601988.SH,20240312,4.51,4.51,4.39,4.39,4.51,-0.12,-2.6608,2572463.15,1140780.133
601988.SH,20240311,4.55,4.56,4.5,4.51,4.55,-0.04,-0.8791,1714161.27,774598.917
601988.SH,20240308,4.56,4.58,4.53,4.55,4.57,-0.02,-0.4376,1171781.56,533872.495
601988.SH,20240307,4.55,4.58,4.53,4.57,4.55,0.02,0.4396,1419017.02,647278.35
601988.SH,20240306,4.6,4.63,4.54,4.55,4.6,-0.05,-1.087,1702464.52,781574.343
601988.SH,20240305,4.51,4.61,4.51,4.6,4.51,0.09,1.9956,2077074.2,951681.161
601988.SH,20240304,4.47,4.54,4.45,4.51,4.48,0.03,0.6696,1928422.5,867836.835
601988.SH,20240301,4.47,4.5,4.44,4.48,4.47,0.01,0.2237,1886828.3,844177.166
601988.SH,20240229,4.45,4.48,4.43,4.47,4.46,0.01,0.2242,1779424.25,793297.584
601988.SH,20240228,4.46,4.5,4.38,4.46,4.46,0.0,0.0,2310750.58,1025807.767
601988.SH,20240227,4.45,4.51,4.43,4.46,4.46,0.0,0.0,1569937.38,701135.884
601988.SH,20240226,4.6,4.6,4.45,4.46,4.6,-0.14,-3.0435,2313594.21,1045296.523
601988.SH,20240223,4.57,4.67,4.56,4.6,4.56,0.04,0.8772,1923149.23,889355.969
601988.SH,20240222,4.56,4.58,4.52,4.56,4.56,0.0,0.0,1529266.31,695281.649
601988.SH,20240221,4.52,4.64,4.51,4.56,4.53,0.03,0.6623,2183157.37,1000515.49
601988.SH,20240220,4.5,4.55,4.46,4.53,4.51,0.02,0.4435,1886115.47,851920.73
601988.SH,20240219,4.3,4.52,4.27,4.51,4.31,0.2,4.6404,3585661.7,1578816.709
601988.SH,20240208,4.32,4.34,4.19,4.31,4.35,-0.04,-0.9195,3494568.82,1488538.044
601988.SH,20240207,4.43,4.45,4.24,4.35,4.46,-0.11,-2.4664,4745527.07,2053680.793
601988.SH,20240206,4.44,4.51,4.4,4.46,4.44,0.02,0.4505,3622534.86,1619218.54
601988.SH,20240205,4.3,4.45,4.28,4.44,4.32,0.12,2.7778,3987515.28,1749168.821
601988.SH,20240202,4.28,4.33,4.25,4.32,4.27,0.05,1.171,2828393.82,1216690.135
601988.SH,20240201,4.31,4.33,4.27,4.27,4.32,-0.05,-1.1574,2077570.6,891443.487
601988.SH,20240131,4.25,4.35,4.24,4.32,4.27,0.05,1.171,2501451.32,1077385.711
601988.SH,20240130,4.28,4.34,4.23,4.27,4.3,-0.03,-0.6977,2083056.89,892534.692
601988.SH,20240129,4.29,4.35,4.24,4.3,4.28,0.02,0.4673,2743803.78,1180774.765
601988.SH,20240126,4.14,4.29,4.14,4.28,4.15,0.13,3.1325,3381616.4,1430158.41
601988.SH,20240125,4.11,4.17,4.1,4.15,4.1,0.05,1.2195,2402809.96,993808.139
601988.SH,20240124,3.99,4.1,3.98,4.1,3.98,0.12,3.0151,2701847.31,1091798.262
601988.SH,20240123,3.98,4.0,3.95,3.98,4.0,-0.02,-0.5,2208442.47,877659.537
601988.SH,20240122,3.97,4.03,3.95,4.0,3.97,0.03,0.7557,2897222.01,1159945.303
601988.SH,20240119,4.0,4.0,3.95,3.97,4.01,-0.04,-0.9975,2431858.44,967239.94
601988.SH,20240118,4.03,4.04,3.89,4.01,4.03,-0.02,-0.4963,3985244.17,1575766.405
601988.SH,20240117,4.06,4.1,4.03,4.03,4.07,-0.04,-0.9828,2177289.28,884998.531
601988.SH,20240116,4.04,4.07,4.02,4.07,4.05,0.02,0.4938,1861650.23,754347.88
601988.SH,20240115,4.03,4.05,4.01,4.05,4.03,0.02,0.4963,1295589.59,522949.767
601988.SH,20240112,3.97,4.04,3.97,4.03,3.98,0.05,1.2563,1563830.98,628058.048
601988.SH,20240111,4.03,4.04,3.98,3.98,4.04,-0.06,-1.4851,2039539.85,816986.619
601988.SH,20240110,4.1,4.13,4.04,4.04,4.1,-0.06,-1.4634,2037085.18,828319.237
601988.SH,20240109,4.09,4.12,4.05,4.1,4.1,0.0,0.0,1669199.51,681450.196
601988.SH,20240108,4.12,4.15,4.08,4.1,4.12,-0.02,-0.4854,1863335.83,766636.713
601988.SH,20240105,4.14,4.19,4.1,4.12,4.14,-0.02,-0.4831,2148800.85,890404.786
601988.SH,20240104,4.05,4.15,4.04,4.14,4.05,0.09,2.2222,2563063.63,1049333.406
601988.SH,20240103,4.01,4.06,4.01,4.05,4.01,0.04,0.9975,1833776.6,741172.791
601988.SH,20240102,3.99,4.04,3.98,4.01,3.99,0.02,0.5013,1670528.41,671748.519
601988.SH,20231229,3.99,4.01,3.97,3.99,3.99,0.0,0.0,1316078.96,524996.242
601988.SH,20231228,4.05,4.07,3.99,3.99,4.05,-0.06,-1.4815,2673786.72,1074328.869
601988.SH,20231227,4.03,4.05,4.0,4.05,4.03,0.02,0.4963,1333530.0,536773.669
601988.SH,20231226,4.02,4.06,4.01,4.03,4.02,0.01,0.2488,1741250.16,703969.389
601988.SH,20231225,3.99,4.03,3.98,4.02,3.99,0.03,0.7519,1123117.1,450456.445
601988.SH,20231222,3.99,4.01,3.97,3.99,3.98,0.01,0.2513,1721640.4,687986.116
601988.SH,20231221,3.98,4.0,3.95,3.98,3.99,-0.01,-0.2506,1680902.73,667407.104
601988.SH,20231220,3.98,4.03,3.97,3.99,3.97,0.02,0.5038,1625182.7,650833.839
601988.SH,20231219,3.99,4.0,3.96,3.97,3.99,-0.02,-0.5013,1182442.44,470905.285
601988.SH,20231218,3.9,3.99,3.9,3.99,3.91,0.08,2.046,2645596.89,1049689.559
601988.SH,20231215,3.97,3.98,3.91,3.91,3.98,-0.07,-1.7588,2033094.74,800942.618
601988.SH,20231214,3.99,4.0,3.95,3.98,3.98,0.0,0.0,1333997.83,529779.738
601988.SH,20231213,3.98,4.0,3.96,3.98,3.98,0.0,0.0,1536051.58,611955.801
601988.SH,20231212,3.92,3.98,3.89,3.98,3.92,0.06,1.5306,2127561.05,841552.348
601988.SH,20231211,3.92,3.94,3.82,3.92,3.94,-0.02,-0.5076,3225242.75,1254210.25
601988.SH,20231208,3.99,4.0,3.91,3.94,3.99,-0.05,-1.2531,4448997.98,1758775.5
601988.SH,20231207,3.96,4.01,3.93,3.99,3.96,0.03,0.7576,2330867.85,925744.983
601988.SH,20231206,4.0,4.01,3.93,3.96,4.01,-0.05,-1.2469,2192879.61,867343.441
601988.SH,20231205,4.04,4.05,4.01,4.01,4.03,-0.02,-0.4963,1708904.12,689347.579
601988.SH,20231204,4.03,4.05,4.02,4.03,4.04,-0.01,-0.2475,1186099.0,478037.093
601988.SH,20231201,3.99,4.06,3.98,4.04,3.99,0.05,1.2531,2412898.08,972205.671
601988.SH,20231130,3.98,4.0,3.96,3.99,3.98,0.01,0.2513,1598972.06,636417.005
601988.SH,20231129,3.97,4.0,3.96,3.98,3.97,0.01,0.2519,1651650.82,657883.095
601988.SH,20231128,3.97,3.98,3.96,3.97,3.98,-0.01,-0.2513,1341632.27,532581.768
601988.SH,20231127,3.98,3.99,3.94,3.98,3.98,0.0,0.0,1750175.93,694348.293
601988.SH,20231124,3.96,3.99,3.95,3.98,3.96,0.02,0.5051,1440397.59,572769.366
601988.SH,20231123,3.98,3.99,3.96,3.96,3.97,-0.01,-0.2519,948552.5,376928.774
601988.SH,20231122,3.96,3.99,3.94,3.97,3.97,0.0,0.0,1395092.74,553786.251
601988.SH,20231121,3.98,3.99,3.96,3.97,3.97,0.0,0.0,1291141.46,513032.574
601988.SH,20231120,3.95,3.98,3.94,3.97,3.95,0.02,0.5063,1070448.53,424669.731
601988.SH,20231117,3.96,3.98,3.93,3.95,3.97,-0.02,-0.5038,1118928.76,442267.898
601988.SH,20231116,3.97,3.99,3.93,3.97,3.95,0.02,0.5063,1720515.45,682558.68
601988.SH,20231115,3.98,3.99,3.93,3.95,3.96,-0.01,-0.2525,1454477.6,574735.517
601988.SH,20231114,3.94,3.98,3.93,3.96,3.94,0.02,0.5076,1321295.69,523113.642
601988.SH,20231113,3.96,3.96,3.9,3.94,3.95,-0.01,-0.2532,1002468.44,393367.673
601988.SH,20231110,3.94,3.99,3.91,3.95,3.95,0.0,0.0,1919650.05,757110.674
601988.SH,20231109,3.88,3.96,3.88,3.95,3.88,0.07,1.8041,2401324.76,945446.908
601988.SH,20231108,3.87,3.92,3.87,3.88,3.89,-0.01,-0.2571,1751007.2,681804.019
601988.SH,20231107,3.84,3.9,3.83,3.89,3.84,0.05,1.3021,1760480.68,681830.596
601988.SH,20231106,3.9,3.91,3.83,3.84,3.89,-0.05,-1.2853,2566109.1,989262.444
601988.SH,20231103,3.95,3.96,3.89,3.89,3.95,-0.06,-1.519,1727244.11,674608.314
601988.SH,20231102,3.94,3.98,3.93,3.95,3.92,0.03,0.7653,1343663.35,532220.689
601988.SH,20231101,3.91,3.94,3.88,3.92,3.9,0.02,0.5128,1434840.2,561469.437
601988.SH,20231031,3.84,3.92,3.82,3.9,3.84,0.06,1.5625,2287105.22,887710.177
601988.SH,20231030,3.86,3.89,3.79,3.84,3.89,-0.05,-1.2853,3303066.24,1265665.099
601988.SH,20231027,3.88,3.95,3.85,3.89,3.88,0.01,0.2577,2525542.38,981956.953
601988.SH,20231026,3.82,3.89,3.8,3.88,3.82,0.06,1.5707,1711072.58,661155.506
601988.SH,20231025,3.86,3.87,3.8,3.82,3.84,-0.02,-0.5208,1729278.71,661761.762
601988.SH,20231024,3.92,3.93,3.83,3.84,3.92,-0.08,-2.0408,2378668.7,917043.489
601988.SH,20231023,3.93,3.96,3.88,3.92,3.94,-0.02,-0.5076,2182218.7,853974.233
601988.SH,20231020,3.94,3.98,3.91,3.94,3.97,-0.03,-0.7557,2010333.76,792268.58
601988.SH,20231019,4.0,4.01,3.92,3.97,4.02,-0.05,-1.2438,3019121.21,1195581.332
601988.SH,20231018,3.97,4.03,3.96,4.02,3.98,0.04,1.005,2340419.41,939252.9
601988.SH,20231017,3.98,4.0,3.96,3.98,3.99,-0.01,-0.2506,1614386.45,643140.398
601988.SH,20231016,3.96,4.0,3.92,3.99,3.97,0.02,0.5038,2629815.63,1041801.837
601988.SH,20231013,3.87,4.02,3.86,3.97,3.89,0.08,2.0566,4652734.53,1843298.979
601988.SH,20231012,3.84,3.9,3.81,3.89,3.77,0.12,3.183,4709146.68,1814281.824
601988.SH,20231011,3.74,3.78,3.73,3.77,3.74,0.03,0.8021,1660059.86,624459.882
601988.SH,20231010,3.76,3.79,3.73,3.74,3.76,-0.02,-0.5319,1394693.84,524060.829
601988.SH,20231009,3.74,3.77,3.69,3.76,3.77,-0.01,-0.2653,1826711.07,681351.743
601988.SH,20230928,3.74,3.78,3.74,3.77,3.74,0.03,0.8021,1226024.31,461298.209
601988.SH,20230927,3.78,3.79,3.74,3.74,3.78,-0.04,-1.0582,1541951.69,579168.823
601988.SH,20230926,3.81,3.82,3.77,3.78,3.8,-0.02,-0.5263,1436948.62,544403.485
601988.SH,20230925,3.79,3.81,3.76,3.8,3.79,0.01,0.2639,1920740.62,728895.285
601988.SH,20230922,3.76,3.79,3.74,3.79,3.76,0.03,0.7979,1920138.42,723505.916
601988.SH,20230921,3.78,3.8,3.74,3.76,3.78,-0.02,-0.5291,2068332.65,778875.786
601988.SH,20230920,3.74,3.79,3.72,3.78,3.73,0.05,1.3405,2317221.04,872175.579
601988.SH,20230919,3.7,3.74,3.69,3.73,3.7,0.03,0.8108,1944477.03,724916.016
601988.SH,20230918,3.7,3.71,3.67,3.7,3.7,0.0,0.0,1352638.72,499367.39
601988.SH,20230915,3.73,3.75,3.69,3.7,3.73,-0.03,-0.8043,2186387.59,812912.936
601988.SH,20230914,3.69,3.74,3.68,3.73,3.69,0.04,1.084,2041979.39,759686.883
601988.SH,20230913,3.67,3.69,3.66,3.69,3.67,0.02,0.545,919513.13,338269.853
601988.SH,20230912,3.68,3.69,3.66,3.67,3.69,-0.02,-0.542,921240.82,338226.781
601988.SH,20230911,3.69,3.7,3.66,3.69,3.68,0.01,0.2717,1305948.45,480227.375
601988.SH,20230908,3.71,3.71,3.67,3.68,3.71,-0.03,-0.8086,1113510.52,410245.116
601988.SH,20230907,3.72,3.73,3.7,3.71,3.71,0.0,0.0,1488461.6,552593.319
601988.SH,20230906,3.71,3.72,3.7,3.71,3.71,0.0,0.0,939327.14,348390.637
601988.SH,20230905,3.73,3.73,3.71,3.71,3.73,-0.02,-0.5362,905348.71,336307.635
601988.SH,20230904,3.72,3.75,3.71,3.73,3.71,0.02,0.5391,2153409.57,802556.136
601988.SH,20230901,3.75,3.76,3.7,3.71,3.75,-0.04,-1.0667,2242507.1,834063.945
601988.SH,20230831,3.75,3.79,3.74,3.75,3.76,-0.01,-0.266,1361684.14,511103.104
601988.SH,20230830,3.8,3.8,3.75,3.76,3.8,-0.04,-1.0526,1754121.59,660019.458
601988.SH,20230829,3.83,3.85,3.78,3.8,3.84,-0.04,-1.0417,1895785.14,721675.999
601988.SH,20230828,3.94,3.95,3.8,3.84,3.79,0.05,1.3193,2712526.07,1042937.598
601988.SH,20230825,3.77,3.81,3.77,3.79,3.78,0.01,0.2646,1619171.0,613041.424
601988.SH,20230824,3.83,3.84,3.77,3.78,3.83,-0.05,-1.3055,1398800.01,531143.685
601988.SH,20230823,3.79,3.85,3.77,3.83,3.79,0.04,1.0554,1797453.03,687459.407
601988.SH,20230822,3.73,3.79,3.73,3.79,3.73,0.06,1.6086,1361137.86,512302.74
601988.SH,20230821,3.79,3.8,3.73,3.73,3.78,-0.05,-1.3228,1146309.61,430308.07
601988.SH,20230818,3.77,3.82,3.77,3.78,3.77,0.01,0.2653,1327257.85,503632.558
601988.SH,20230817,3.8,3.82,3.74,3.77,3.81,-0.04,-1.0499,1377606.44,520447.601
601988.SH,20230816,3.8,3.82,3.76,3.81,3.82,-0.01,-0.2618,1293324.45,491264.491
601988.SH,20230815,3.73,3.84,3.72,3.82,3.72,0.1,2.6882,2222255.44,841215.95
601988.SH,20230814,3.75,3.76,3.69,3.72,3.78,-0.06,-1.5873,1589075.41,590288.723
601988.SH,20230811,3.83,3.86,3.78,3.78,3.83,-0.05,-1.3055,1694391.18,646243.769
601988.SH,20230810,3.83,3.84,3.81,3.83,3.84,-0.01,-0.2604,792116.33,303129.876
601988.SH,20230809,3.83,3.85,3.82,3.84,3.83,0.01,0.2611,832603.03,319526.155
601988.SH,20230808,3.85,3.86,3.82,3.83,3.86,-0.03,-0.7772,1027654.79,394139.562
601988.SH,20230807,3.87,3.88,3.81,3.86,3.89,-0.03,-0.7712,1323886.33,509443.331
601988.SH,20230804,3.88,3.91,3.85,3.89,3.87,0.02,0.5168,1892187.21,734171.813
601988.SH,20230803,3.83,3.87,3.8,3.87,3.82,0.05,1.3089,1340641.64,515030.934
601988.SH,20230802,3.9,3.91,3.81,3.82,3.93,-0.11,-2.799,2811308.48,1080172.841
601988.SH,20230801,3.91,3.95,3.89,3.93,3.91,0.02,0.5115,1498872.68,587524.083
601988.SH,20230731,3.95,3.98,3.87,3.91,3.91,0.0,0.0,2330867.8,913576.141
601988.SH,20230728,3.82,3.92,3.8,3.91,3.82,0.09,2.356,2526037.74,981451.019
601988.SH,20230727,3.79,3.88,3.78,3.82,3.79,0.03,0.7916,1853609.29,712107.884
601988.SH,20230726,3.81,3.85,3.77,3.79,3.81,-0.02,-0.5249,1193718.92,452829.304
601988.SH,20230725,3.73,3.81,3.72,3.81,3.71,0.1,2.6954,2021993.1,763041.566
601988.SH,20230724,3.73,3.74,3.69,3.71,3.74,-0.03,-0.8021,1166080.26,433115.362
601988.SH,20230721,3.72,3.75,3.71,3.74,3.73,0.01,0.2681,939009.5,350285.276
601988.SH,20230720,3.72,3.76,3.72,3.73,3.72,0.01,0.2688,1100583.15,411501.518
601988.SH,20230719,3.7,3.72,3.68,3.72,3.71,0.01,0.2695,1224851.85,453243.949
601988.SH,20230718,3.78,3.78,3.7,3.71,3.77,-0.06,-1.5915,2049615.36,764897.228
601988.SH,20230717,3.78,3.79,3.74,3.77,3.76,0.01,0.266,1669400.98,627878.076
601988.SH,20230714,3.99,4.02,3.95,3.99,3.99,0.0,0.0,2207765.21,880973.317
601988.SH,20230713,3.94,4.0,3.94,3.99,3.93,0.06,1.5267,1693458.74,672181.341
601988.SH,20230712,3.94,3.95,3.92,3.93,3.93,0.0,0.0,1396504.74,549982.128
601988.SH,20230711,3.89,3.93,3.89,3.93,3.89,0.04,1.0283,1136425.4,445413.318
601988.SH,20230710,3.89,3.91,3.88,3.89,3.88,0.01,0.2577,890674.81,346552.059
601988.SH,20230707,3.87,3.91,3.86,3.88,3.89,-0.01,-0.2571,1221381.3,474983.751
601988.SH,20230706,3.9,3.92,3.87,3.89,3.92,-0.03,-0.7653,1595072.69,620689.599
601988.SH,20230705,3.91,3.94,3.88,3.92,3.92,0.0,0.0,1510223.94,589883.047
601988.SH,20230704,3.98,3.98,3.9,3.92,3.98,-0.06,-1.5075,1855004.1,727980.26
601988.SH,20230703,3.92,4.0,3.9,3.98,3.91,0.07,1.7903,1813102.74,717805.578
601988.SH,20230630,3.87,3.93,3.85,3.91,3.86,0.05,1.2953,1790585.22,698934.299
601988.SH,20230629,3.87,3.88,3.82,3.86,3.87,-0.01,-0.2584,1513022.17,582652.766
601988.SH,20230628,3.86,3.9,3.83,3.87,3.86,0.01,0.2591,1565237.76,604547.861
601988.SH,20230627,3.78,3.87,3.76,3.86,3.78,0.08,2.1164,1829243.88,700184.813
601988.SH,20230626,3.87,3.87,3.76,3.78,3.88,-0.1,-2.5773,2524280.43,960372.049
601988.SH,20230621,3.87,3.94,3.84,3.88,3.87,0.01,0.2584,2308165.83,899187.081
601988.SH,20230620,3.91,3.93,3.86,3.87,3.9,-0.03,-0.7692,1753469.24,682305.278
601988.SH,20230619,3.96,3.97,3.89,3.9,3.96,-0.06,-1.5152,2796524.32,1093232.252
601988.SH,20230616,4.01,4.03,3.95,3.96,4.01,-0.05,-1.2469,2558405.22,1017981.631
601988.SH,20230615,4.01,4.05,3.97,4.01,4.0,0.01,0.25,1810843.55,726053.167
601988.SH,20230614,4.06,4.1,3.99,4.0,4.06,-0.06,-1.4778,2855833.39,1152052.776
601988.SH,20230613,4.03,4.08,4.02,4.06,4.04,0.02,0.495,1441307.92,584670.267
601988.SH,20230612,4.11,4.12,4.02,4.04,4.13,-0.09,-2.1792,2697420.28,1094269.334
601988.SH,20230609,4.15,4.18,4.09,4.13,4.15,-0.02,-0.4819,2732576.33,1129285.445
601988.SH,20230608,4.06,4.21,4.0,4.15,4.04,0.11,2.7228,3788193.09,1561889.101
601988.SH,20230607,4.0,4.08,3.99,4.04,3.99,0.05,1.2531,2468198.46,998043.407
601988.SH,20230606,3.96,4.07,3.95,3.99,3.98,0.01,0.2513,2876169.13,1156839.637
601988.SH,20230605,3.88,3.98,3.86,3.98,3.89,0.09,2.3136,3032749.1,1195835.783
601988.SH,20230602,3.91,3.94,3.86,3.89,3.91,-0.02,-0.5115,2486626.37,967912.106
601988.SH,20230601,3.9,3.94,3.85,3.91,3.9,0.01,0.2564,2399584.27,934332.45
601988.SH,20230531,3.93,3.94,3.88,3.9,3.93,-0.03,-0.7634,2055198.42,803105.09
601988.SH,20230530,3.96,3.99,3.9,3.93,3.98,-0.05,-1.2563,2619029.67,1030834.024
601988.SH,20230529,3.89,4.02,3.88,3.98,3.89,0.09,2.3136,2975682.46,1177643.162
601988.SH,20230526,3.88,3.92,3.84,3.89,3.89,0.0,0.0,2386559.12,926560.578
601988.SH,20230525,3.86,3.89,3.83,3.89,3.89,0.0,0.0,2809222.99,1084872.044
601988.SH,20230524,4.02,4.02,3.88,3.89,4.04,-0.15,-3.7129,4910284.0,1928988.992
601988.SH,20230523,4.15,4.18,4.03,4.04,4.17,-0.13,-3.1175,3370495.86,1376125.089
601988.SH,20230522,4.18,4.24,4.14,4.17,4.16,0.01,0.2404,2778606.61,1161156.078
601988.SH,20230519,4.19,4.2,4.11,4.16,4.21,-0.05,-1.1876,2755126.33,1146749.592
601988.SH,20230518,4.16,4.27,4.16,4.21,4.15,0.06,1.4458,4429865.11,1865666.852
601988.SH,20230517,4.16,4.22,4.08,4.15,4.19,-0.04,-0.9547,3549239.04,1470182.808
601988.SH,20230516,4.15,4.32,4.13,4.19,4.18,0.01,0.2392,6707519.51,2839012.82
601988.SH,20230515,4.1,4.2,3.99,4.18,4.16,0.02,0.4808,7064615.45,2886385.623
601988.SH,20230512,4.15,4.2,4.1,4.16,4.16,0.0,0.0,5312458.28,2208027.496
601988.SH,20230511,4.26,4.31,4.13,4.16,4.31,-0.15,-3.4803,7842380.54,3295854.042
601988.SH,20230510,4.45,4.5,4.24,4.31,4.56,-0.25,-5.4825,10782419.69,4670414.768
601988.SH,20230509,4.65,4.77,4.43,4.56,4.49,0.07,1.559,13104165.99,5986730.011
601988.SH,20230508,4.09,4.49,4.08,4.49,4.08,0.41,10.049,9413826.75,4109075.17
601988.SH,20230505,3.93,4.18,3.93,4.08,3.94,0.14,3.5533,6652621.12,2711914.066
601988.SH,20230504,3.65,3.97,3.65,3.94,3.67,0.27,7.3569,6310700.23,2427606.078
601988.SH,20230428,3.66,3.69,3.63,3.67,3.67,0.0,0.0,2267047.79,829750.349
601988.SH,20230427,3.66,3.68,3.61,3.67,3.66,0.01,0.2732,1861135.52,679827.759
601988.SH,20230426,3.67,3.69,3.58,3.66,3.67,-0.01,-0.2725,3065624.28,1112093.927
601988.SH,20230425,3.64,3.71,3.63,3.67,3.62,0.05,1.3812,3353222.99,1232648.754
601988.SH,20230424,3.58,3.66,3.57,3.62,3.58,0.04,1.1173,3119252.42,1129540.003
601988.SH,20230421,3.59,3.65,3.57,3.58,3.6,-0.02,-0.5556,2849431.73,1027665.986
601988.SH,20230420,3.6,3.64,3.57,3.6,3.61,-0.01,-0.277,2293131.81,824103.069
601988.SH,20230419,3.6,3.64,3.58,3.61,3.6,0.01,0.2778,2171086.96,784313.4
601988.SH,20230418,3.58,3.64,3.57,3.6,3.58,0.02,0.5587,2750662.62,990258.799
601988.SH,20230417,3.51,3.58,3.5,3.58,3.51,0.07,1.9943,2827087.2,1003303.32
601988.SH,20230414,3.54,3.55,3.5,3.51,3.54,-0.03,-0.8475,1579226.06,555030.997
601988.SH,20230413,3.49,3.55,3.48,3.54,3.49,0.05,1.4327,2174726.83,765046.048
601988.SH,20230412,3.46,3.53,3.45,3.49,3.46,0.03,0.8671,2772123.7,970973.344
601988.SH,20230411,3.44,3.46,3.42,3.46,3.43,0.03,0.8746,1913724.54,658610.513
601988.SH,20230410,3.43,3.45,3.41,3.43,3.43,0.0,0.0,1506656.99,517364.659
601988.SH,20230407,3.44,3.45,3.41,3.43,3.44,-0.01,-0.2907,1184618.3,405827.065
601988.SH,20230406,3.42,3.46,3.41,3.44,3.43,0.01,0.2915,1452826.36,499347.926
601988.SH,20230404,3.37,3.43,3.35,3.43,3.36,0.07,2.0833,2373692.05,806629.277
601988.SH,20230403,3.38,3.39,3.35,3.36,3.38,-0.02,-0.5917,1746102.98,587196.841
601988.SH,20230331,3.39,3.42,3.37,3.38,3.4,-0.02,-0.5882,1544588.17,523461.861
601988.SH,20230330,3.4,3.45,3.36,3.4,3.39,0.01,0.295,1915289.71,650020.069
601988.SH,20230329,3.38,3.43,3.35,3.39,3.38,0.01,0.2959,2262288.68,768049.624
601988.SH,20230328,3.37,3.38,3.34,3.38,3.36,0.02,0.5952,1518535.05,510408.109
601988.SH,20230327,3.4,3.4,3.33,3.36,3.4,-0.04,-1.1765,2285192.48,766936.085
601988.SH,20230324,3.48,3.48,3.4,3.4,3.47,-0.07,-2.0173,2463980.06,842952.081
601988.SH,20230323,3.44,3.49,3.43,3.47,3.44,0.03,0.8721,1861473.46,644100.375
601988.SH,20230322,3.43,3.47,3.41,3.44,3.43,0.01,0.2915,2215914.41,762586.28
601988.SH,20230321,3.5,3.53,3.41,3.43,3.51,-0.08,-2.2792,3041802.08,1050289.378
601988.SH,20230320,3.47,3.58,3.47,3.51,3.48,0.03,0.8621,4121499.34,1454729.718
601988.SH,20230317,3.51,3.52,3.44,3.48,3.49,-0.01,-0.2865,4216271.33,1467270.279
601988.SH,20230316,3.39,3.55,3.38,3.49,3.39,0.1,2.9499,5806905.27,2024098.209
601988.SH,20230315,3.35,3.4,3.34,3.39,3.33,0.06,1.8018,2371502.06,800677.02
601988.SH,20230314,3.31,3.34,3.3,3.33,3.32,0.01,0.3012,1465602.6,486971.332
601988.SH,20230313,3.29,3.33,3.28,3.32,3.3,0.02,0.6061,1246828.95,413339.728
601988.SH,20230310,3.33,3.36,3.3,3.3,3.35,-0.05,-1.4925,1324626.34,439828.402
601988.SH,20230309,3.34,3.38,3.33,3.35,3.33,0.02,0.6006,2240441.4,753664.305
601988.SH,20230308,3.32,3.36,3.3,3.33,3.34,-0.01,-0.2994,1870850.97,620548.521
601988.SH,20230307,3.31,3.41,3.3,3.34,3.31,0.03,0.9063,3303852.25,1110272.008
601988.SH,20230306,3.31,3.33,3.3,3.31,3.31,0.0,0.0,1591905.98,526818.529
601988.SH,20230303,3.27,3.32,3.26,3.31,3.26,0.05,1.5337,1889524.49,621160.021
601988.SH,20230302,3.24,3.27,3.23,3.26,3.24,0.02,0.6173,1311114.06,426732.764
601988.SH,20230301,3.23,3.24,3.22,3.24,3.23,0.01,0.3096,741505.8,239855.792
601988.SH,20230228,3.22,3.23,3.21,3.23,3.21,0.02,0.6231,853848.32,274898.437
601988.SH,20230227,3.22,3.22,3.21,3.21,3.22,-0.01,-0.3106,576163.39,185263.775
601988.SH,20230224,3.24,3.24,3.22,3.22,3.23,-0.01,-0.3096,513981.86,165786.941
601988.SH,20230223,3.24,3.24,3.22,3.23,3.23,0.0,0.0,981251.9,317326.191
601988.SH,20230222,3.24,3.24,3.23,3.23,3.24,-0.01,-0.3086,529397.66,171242.563
601988.SH,20230221,3.24,3.24,3.23,3.24,3.24,0.0,0.0,608526.08,196828.002
601988.SH,20230220,3.22,3.24,3.22,3.24,3.22,0.02,0.6211,770843.85,249036.143
601988.SH,20230217,3.22,3.23,3.21,3.22,3.21,0.01,0.3115,793857.89,255695.435
601988.SH,20230216,3.2,3.23,3.2,3.21,3.2,0.01,0.3125,1236484.47,397946.661
601988.SH,20230215,3.21,3.21,3.2,3.2,3.2,0.0,0.0,366488.2,117398.55
601988.SH,20230214,3.21,3.22,3.2,3.2,3.21,-0.01,-0.3115,696871.57,223563.795
601988.SH,20230213,3.23,3.23,3.21,3.21,3.23,-0.02,-0.6192,800935.85,257456.049
601988.SH,20230210,3.21,3.23,3.2,3.23,3.21,0.02,0.6231,747220.5,240295.875
601988.SH,20230209,3.21,3.21,3.2,3.21,3.2,0.01,0.3125,513338.9,164587.913
601988.SH,20230208,3.2,3.21,3.19,3.2,3.19,0.01,0.3135,484099.0,155065.326
601988.SH,20230207,3.2,3.21,3.19,3.19,3.2,-0.01,-0.3125,656962.19,210030.183
601988.SH,20230206,3.2,3.21,3.19,3.2,3.21,-0.01,-0.3115,1115250.91,356937.014
601988.SH,20230203,3.21,3.22,3.2,3.21,3.21,0.0,0.0,1009759.24,323874.423
601988.SH,20230202,3.22,3.22,3.2,3.21,3.22,-0.01,-0.3106,959029.99,307753.627
601988.SH,20230201,3.22,3.23,3.2,3.22,3.22,0.0,0.0,1089135.28,349685.066
601988.SH,20230131,3.23,3.24,3.22,3.22,3.23,-0.01,-0.3096,886045.96,285709.655
601988.SH,20230130,3.24,3.25,3.21,3.23,3.22,0.01,0.3106,1499125.74,484302.796
601988.SH,20230120,3.22,3.23,3.21,3.22,3.22,0.0,0.0,751513.39,241712.862
601988.SH,20230119,3.22,3.22,3.2,3.22,3.21,0.01,0.3115,608903.65,195517.211
601988.SH,20230118,3.23,3.23,3.21,3.21,3.22,-0.01,-0.3106,779469.66,250814.906
601988.SH,20230117,3.21,3.22,3.2,3.22,3.21,0.01,0.3115,966106.7,310436.879
601988.SH,20230116,3.23,3.25,3.21,3.21,3.23,-0.02,-0.6192,1505223.92,485319.563
601988.SH,20230113,3.2,3.23,3.19,3.23,3.19,0.04,1.2539,1216541.68,392007.104
601988.SH,20230112,3.2,3.2,3.18,3.19,3.19,0.0,0.0,851896.31,271935.627
601988.SH,20230111,3.18,3.2,3.18,3.19,3.18,0.01,0.3145,790227.72,252398.091
601988.SH,20230110,3.2,3.2,3.18,3.18,3.19,-0.01,-0.3135,665470.32,211969.67
601988.SH,20230109,3.21,3.22,3.19,3.19,3.21,-0.02,-0.6231,835155.52,267453.283
601988.SH,20230106,3.21,3.22,3.18,3.21,3.2,0.01,0.3125,1258526.54,402754.304
601988.SH,20230105,3.21,3.23,3.2,3.2,3.2,0.0,0.0,1180471.36,379146.671
601988.SH,20230104,3.16,3.21,3.16,3.2,3.16,0.04,1.2658,2007336.67,640825.711
601988.SH,20230103,3.17,3.17,3.15,3.16,3.16,0.0,0.0,1311103.42,413906.538
601988.SH,20221230,3.17,3.17,3.15,3.16,3.15,0.01,0.3175,1220204.86,386011.424
601988.SH,20221229,3.17,3.17,3.14,3.15,3.16,-0.01,-0.3165,1244770.33,392806.531
601988.SH,20221228,3.15,3.17,3.14,3.16,3.15,0.01,0.3175,783309.48,247678.765
601988.SH,20221227,3.13,3.15,3.12,3.15,3.11,0.04,1.2862,683853.1,214558.738
601988.SH,20221226,3.13,3.13,3.11,3.11,3.13,-0.02,-0.639,740867.66,231389.46
601988.SH,20221223,3.13,3.14,3.12,3.13,3.14,-0.01,-0.3185,671856.5,210587.93
601988.SH,20221222,3.14,3.16,3.12,3.14,3.12,0.02,0.641,884058.74,277527.071
601988.SH,20221221,3.13,3.14,3.12,3.12,3.13,-0.01,-0.3195,647085.49,202430.414
601988.SH,20221220,3.15,3.16,3.13,3.13,3.15,-0.02,-0.6349,1057496.13,332377.237
601988.SH,20221219,3.17,3.19,3.15,3.15,3.18,-0.03,-0.9434,985336.46,311767.824
601988.SH,20221216,3.14,3.18,3.13,3.18,3.14,0.04,1.2739,953673.57,301482.947
601988.SH,20221215,3.17,3.17,3.14,3.14,3.16,-0.02,-0.6329,753095.6,237349.326
601988.SH,20221214,3.17,3.17,3.15,3.16,3.16,0.0,0.0,1128268.37,356749.565
601988.SH,20221213,3.13,3.17,3.13,3.16,3.13,0.03,0.9585,1034979.67,326991.263
601988.SH,20221212,3.15,3.16,3.13,3.13,3.16,-0.03,-0.9494,941537.02,296213.51
601988.SH,20221209,3.17,3.17,3.15,3.16,3.16,0.0,0.0,1107358.37,350398.847
601988.SH,20221208,3.15,3.18,3.14,3.16,3.14,0.02,0.6369,1491808.76,471756.597
601988.SH,20221207,3.16,3.17,3.14,3.14,3.15,-0.01,-0.3175,1517047.3,479096.533
601988.SH,20221206,3.14,3.16,3.13,3.15,3.15,0.0,0.0,1379662.24,434937.358
601988.SH,20221205,3.12,3.15,3.11,3.15,3.1,0.05,1.6129,1727242.63,541253.816
601988.SH,20221202,3.11,3.12,3.1,3.1,3.1,0.0,0.0,1118918.61,347639.874
601988.SH,20221201,3.15,3.16,3.1,3.1,3.15,-0.05,-1.5873,1783816.57,557677.467
601988.SH,20221130,3.14,3.16,3.12,3.15,3.14,0.01,0.3185,2285970.84,718036.955
601988.SH,20221129,3.11,3.15,3.11,3.14,3.11,0.03,0.9646,1914444.99,599958.254
601988.SH,20221128,3.11,3.12,3.08,3.11,3.13,-0.02,-0.639,1732962.77,536711.805
601988.SH,20221125,3.1,3.14,3.09,3.13,3.09,0.04,1.2945,2121216.18,662401.343
601988.SH,20221124,3.11,3.11,3.09,3.09,3.1,-0.01,-0.3226,779071.98,241183.417
601988.SH,20221123,3.08,3.11,3.06,3.1,3.08,0.02,0.6494,2515605.52,777759.288
601988.SH,20221122,3.06,3.08,3.05,3.08,3.05,0.03,0.9836,1939276.5,595660.16
601988.SH,20221121,3.04,3.06,3.04,3.05,3.04,0.01,0.3289,785493.83,239604.172
601988.SH,20221118,3.06,3.06,3.04,3.04,3.05,-0.01,-0.3279,877910.24,267779.202
601988.SH,20221117,3.05,3.06,3.04,3.05,3.05,0.0,0.0,728873.04,222152.297
601988.SH,20221116,3.06,3.07,3.05,3.05,3.06,-0.01,-0.3268,978878.58,298952.279
601988.SH,20221115,3.06,3.07,3.05,3.06,3.06,0.0,0.0,794513.28,243276.077
601988.SH,20221114,3.06,3.08,3.05,3.06,3.06,0.0,0.0,1510067.89,462985.857
601988.SH,20221111,3.05,3.07,3.04,3.06,3.05,0.01,0.3279,1558853.89,476258.069
601988.SH,20221110,3.03,3.05,3.01,3.05,3.04,0.01,0.3289,1453831.27,440130.614
601988.SH,20221109,3.03,3.04,3.03,3.04,3.04,0.0,0.0,547287.87,166042.191
601988.SH,20221108,3.04,3.04,3.02,3.04,3.04,0.0,0.0,1062047.1,322191.141
601988.SH,20221107,3.04,3.04,3.03,3.04,3.04,0.0,0.0,731082.47,222023.591
601988.SH,20221104,3.01,3.04,3.01,3.04,3.01,0.03,0.9967,1106390.95,334853.621
601988.SH,20221103,3.0,3.02,2.99,3.01,3.0,0.01,0.3333,873946.41,262593.189
601988.SH,20221102,3.01,3.01,2.99,3.0,3.02,-0.02,-0.6623,1367968.43,410541.042
601988.SH,20221101,3.01,3.03,3.0,3.02,3.01,0.01,0.3322,1917922.62,577606.782
601988.SH,20221031,3.05,3.06,3.01,3.01,3.06,-0.05,-1.634,1811162.17,549176.008
601988.SH,20221028,3.04,3.06,3.03,3.06,3.03,0.03,0.9901,1629960.8,497094.821
601988.SH,20221027,3.05,3.05,3.03,3.03,3.04,-0.01,-0.3289,1398865.96,424853.118
601988.SH,20221026,3.06,3.06,3.04,3.04,3.05,-0.01,-0.3279,1336359.73,407834.473
601988.SH,20221025,3.06,3.07,3.05,3.05,3.06,-0.01,-0.3268,1400102.65,428123.214
601988.SH,20221024,3.07,3.08,3.06,3.06,3.07,-0.01,-0.3257,1799277.07,552010.13
601988.SH,20221021,3.05,3.08,3.05,3.07,3.05,0.02,0.6557,1437752.02,441230.265
601988.SH,20221020,3.05,3.06,3.04,3.05,3.05,0.0,0.0,953152.41,290990.534
601988.SH,20221019,3.05,3.06,3.05,3.05,3.05,0.0,0.0,651836.49,198988.763
601988.SH,20221018,3.06,3.07,3.05,3.05,3.05,0.0,0.0,901809.36,275590.428
601988.SH,20221017,3.06,3.06,3.05,3.05,3.06,-0.01,-0.3268,770513.47,235298.328
601988.SH,20221014,3.06,3.08,3.06,3.06,3.05,0.01,0.3279,943828.12,289406.939
601988.SH,20221013,3.06,3.07,3.05,3.05,3.07,-0.02,-0.6515,869556.64,266008.828
601988.SH,20221012,3.06,3.08,3.05,3.07,3.06,0.01,0.3268,1189895.73,364716.529
601988.SH,20221011,3.07,3.08,3.06,3.06,3.07,-0.01,-0.3257,1077722.47,330481.244
601988.SH,20221010,3.08,3.09,3.06,3.07,3.09,-0.02,-0.6472,1208903.75,372302.258
601988.SH,20220930,3.06,3.09,3.05,3.09,3.05,0.04,1.3115,1279615.07,394036.953
601988.SH,20220929,3.08,3.09,3.05,3.05,3.07,-0.02,-0.6515,968997.8,296788.549
601988.SH,20220928,3.06,3.08,3.04,3.07,3.05,0.02,0.6557,1145319.08,351053.234
601988.SH,20220927,3.07,3.08,3.05,3.05,3.06,-0.01,-0.3268,865792.87,264597.456
601988.SH,20220926,3.1,3.11,3.06,3.06,3.1,-0.04,-1.2903,1403928.25,433971.96
601988.SH,20220923,3.08,3.1,3.07,3.1,3.07,0.03,0.9772,1690343.02,522901.705
601988.SH,20220922,3.07,3.08,3.06,3.07,3.07,0.0,0.0,922223.19,283070.101
601988.SH,20220921,3.07,3.08,3.05,3.07,3.07,0.0,0.0,839920.47,257642.242
601988.SH,20220920,3.09,3.09,3.06,3.07,3.08,-0.01,-0.3247,1244749.85,382517.843
601988.SH,20220919,3.06,3.08,3.05,3.08,3.05,0.03,0.9836,964134.85,296058.336
601988.SH,20220916,3.1,3.1,3.05,3.05,3.09,-0.04,-1.2945,1301191.63,400150.686
601988.SH,20220915,3.07,3.1,3.07,3.09,3.07,0.02,0.6515,1383729.57,426858.512
601988.SH,20220914,3.07,3.08,3.07,3.07,3.08,-0.01,-0.3247,616672.47,189627.883
601988.SH,20220913,3.09,3.09,3.07,3.08,3.08,0.0,0.0,1097157.83,338050.953
601988.SH,20220909,3.07,3.09,3.06,3.08,3.06,0.02,0.6536,937803.93,288736.231
601988.SH,20220908,3.07,3.07,3.06,3.06,3.06,0.0,0.0,444170.93,136127.395
601988.SH,20220907,3.07,3.07,3.06,3.06,3.07,-0.01,-0.3257,610967.11,187187.23
601988.SH,20220906,3.06,3.07,3.05,3.07,3.05,0.02,0.6557,916301.01,280799.092
601988.SH,20220905,3.04,3.06,3.04,3.05,3.04,0.01,0.3289,826608.79,252306.889
601988.SH,20220902,3.06,3.06,3.04,3.04,3.05,-0.01,-0.3279,831026.86,253579.684
601988.SH,20220901,3.05,3.06,3.04,3.05,3.04,0.01,0.3289,960428.98,292907.492
601988.SH,20220831,3.04,3.05,3.03,3.04,3.03,0.01,0.33,1249515.39,380269.453
601988.SH,20220830,3.02,3.04,3.02,3.03,3.02,0.01,0.3311,915083.23,277467.943
601988.SH,20220829,3.02,3.03,3.01,3.02,3.02,0.0,0.0,981047.81,296512.995
601988.SH,20220826,3.03,3.03,3.01,3.02,3.03,-0.01,-0.33,698775.82,211248.861
601988.SH,20220825,3.02,3.03,3.01,3.03,3.01,0.02,0.6645,810203.11,244483.139
601988.SH,20220824,3.01,3.03,3.01,3.01,3.01,0.0,0.0,1068147.59,322362.911
601988.SH,20220823,3.02,3.03,3.01,3.01,3.02,-0.01,-0.3311,754293.39,227874.558
601988.SH,20220822,3.02,3.03,3.02,3.02,3.03,-0.01,-0.33,869236.24,262865.548
601988.SH,20220819,3.02,3.04,3.02,3.03,3.02,0.01,0.3311,904151.01,273882.082
601988.SH,20220818,3.04,3.04,3.02,3.02,3.04,-0.02,-0.6579,800634.91,242708.546
601988.SH,20220817,3.04,3.04,3.03,3.04,3.03,0.01,0.33,785670.86,238454.817
601988.SH,20220816,3.03,3.05,3.03,3.03,3.03,0.0,0.0,676074.3,205351.362
601988.SH,20220815,3.04,3.05,3.03,3.03,3.04,-0.01,-0.3289,748721.24,227312.469
601988.SH,20220812,3.05,3.05,3.03,3.04,3.05,-0.01,-0.3279,904343.7,274960.977
601988.SH,20220811,3.03,3.05,3.02,3.05,3.02,0.03,0.9934,741878.83,225465.715
601988.SH,20220810,3.03,3.04,3.02,3.02,3.02,0.0,0.0,521572.06,157976.499
601988.SH,20220809,3.03,3.04,3.02,3.02,3.03,-0.01,-0.33,513543.12,155540.306
601988.SH,20220808,3.05,3.05,3.03,3.03,3.04,-0.01,-0.3289,626319.23,190169.653
601988.SH,20220805,3.04,3.05,3.03,3.04,3.03,0.01,0.33,801236.99,243529.732
601988.SH,20220804,3.02,3.04,3.01,3.03,3.01,0.02,0.6645,721698.36,218484.721
601988.SH,20220803,3.03,3.04,3.01,3.01,3.02,-0.01,-0.3311,1415790.51,428109.906
601988.SH,20220802,3.04,3.04,3.02,3.02,3.04,-0.02,-0.6579,1181619.7,357467.022
601988.SH,20220801,3.05,3.06,3.04,3.04,3.06,-0.02,-0.6536,1267544.95,386510.455
601988.SH,20220729,3.07,3.07,3.05,3.06,3.07,-0.01,-0.3257,1232863.11,377401.101
601988.SH,20220728,3.09,3.09,3.06,3.07,3.09,-0.02,-0.6472,991493.43,305334.183
601988.SH,20220727,3.11,3.11,3.09,3.09,3.11,-0.02,-0.6431,914838.43,283170.97
601988.SH,20220726,3.09,3.12,3.09,3.11,3.09,0.02,0.6472,1211885.61,376155.69
601988.SH,20220725,3.08,3.09,3.07,3.09,3.08,0.01,0.3247,542273.94,167336.229
601988.SH,20220722,3.06,3.08,3.06,3.08,3.06,0.02,0.6536,739609.09,227453.482
601988.SH,20220721,3.09,3.1,3.06,3.06,3.08,-0.02,-0.6494,1132972.49,348151.717
601988.SH,20220720,3.06,3.08,3.05,3.08,3.04,0.04,1.3158,984143.46,301960.621
601988.SH,20220719,3.03,3.05,3.02,3.04,3.02,0.02,0.6623,1026814.08,312021.625
601988.SH,20220718,3.01,3.03,3.0,3.02,3.0,0.02,0.6667,1346136.4,406519.027
601988.SH,20220715,3.03,3.04,3.0,3.0,3.01,-0.01,-0.3322,2732321.04,825123.172
601988.SH,20220714,3.27,3.28,3.21,3.23,3.29,-0.06,-1.8237,2257078.08,729058.647
601988.SH,20220713,3.33,3.34,3.28,3.29,3.33,-0.04,-1.2012,2253516.39,744480.797
601988.SH,20220712,3.33,3.35,3.32,3.33,3.32,0.01,0.3012,2239213.78,747128.336
601988.SH,20220711,3.31,3.34,3.3,3.32,3.3,0.02,0.6061,1922687.22,638698.372
601988.SH,20220708,3.3,3.31,3.29,3.3,3.29,0.01,0.304,1302412.01,430204.399
601988.SH,20220707,3.3,3.3,3.29,3.29,3.29,0.0,0.0,966177.87,318371.741
601988.SH,20220706,3.31,3.31,3.29,3.29,3.3,-0.01,-0.303,1552081.2,512435.676
601988.SH,20220705,3.29,3.31,3.28,3.3,3.29,0.01,0.304,1097017.16,361547.073
601988.SH,20220704,3.27,3.3,3.26,3.29,3.26,0.03,0.9202,1582789.52,518535.27
601988.SH,20220701,3.26,3.27,3.26,3.26,3.26,0.0,0.0,1078273.6,351953.578
601988.SH,20220630,3.25,3.27,3.25,3.26,3.26,0.0,0.0,1327410.63,432402.841
601988.SH,20220629,3.24,3.26,3.24,3.26,3.25,0.01,0.3077,1452629.52,472691.017
601988.SH,20220628,3.25,3.26,3.24,3.25,3.25,0.0,0.0,1248816.05,405223.71
601988.SH,20220627,3.25,3.26,3.24,3.25,3.25,0.0,0.0,1423878.28,463310.375
601988.SH,20220624,3.25,3.26,3.24,3.25,3.25,0.0,0.0,1303050.41,422822.231
601988.SH,20220623,3.24,3.25,3.23,3.25,3.23,0.02,0.6192,1118152.07,362774.365
601988.SH,20220622,3.25,3.26,3.23,3.23,3.25,-0.02,-0.6154,1246481.56,404662.821
601988.SH,20220621,3.22,3.26,3.21,3.25,3.22,0.03,0.9317,1417337.87,458131.565
601988.SH,20220620,3.23,3.23,3.21,3.22,3.23,-0.01,-0.3096,1020640.84,328846.688
601988.SH,20220617,3.23,3.24,3.22,3.23,3.23,0.0,0.0,1394221.82,449990.895
601988.SH,20220616,3.24,3.25,3.22,3.23,3.23,0.0,0.0,1481403.47,478499.5
601988.SH,20220615,3.23,3.26,3.22,3.23,3.23,0.0,0.0,1967404.44,637934.362
601988.SH,20220614,3.21,3.23,3.19,3.23,3.21,0.02,0.6231,1462810.59,469614.098
601988.SH,20220613,3.21,3.23,3.19,3.21,3.23,-0.02,-0.6192,1290628.79,413956.269
601988.SH,20220610,3.2,3.23,3.19,3.23,3.21,0.02,0.6231,1972813.67,632422.609
601988.SH,20220609,3.19,3.21,3.18,3.21,3.19,0.02,0.627,1337470.91,427103.862
601988.SH,20220608,3.19,3.2,3.18,3.19,3.19,0.0,0.0,985392.32,313912.554
601988.SH,20220607,3.19,3.19,3.17,3.19,3.18,0.01,0.3145,966588.59,307508.564
601988.SH,20220606,3.19,3.2,3.18,3.18,3.19,-0.01,-0.3135,1323916.71,421408.996
601988.SH,20220602,3.19,3.2,3.18,3.19,3.19,0.0,0.0,675854.31,215798.067
601988.SH,20220601,3.19,3.2,3.18,3.19,3.19,0.0,0.0,1058388.63,337705.262
601988.SH,20220531,3.19,3.2,3.19,3.19,3.2,-0.01,-0.3125,1152578.48,368073.957
601988.SH,20220530,3.21,3.22,3.19,3.2,3.22,-0.02,-0.6211,1762627.01,565134.449
601988.SH,20220527,3.21,3.22,3.2,3.22,3.21,0.01,0.3115,1075850.02,345609.077
601988.SH,20220526,3.2,3.21,3.2,3.21,3.2,0.01,0.3125,1049466.65,336514.653
601988.SH,20220525,3.19,3.21,3.19,3.2,3.2,0.0,0.0,1275209.25,408139.546
601988.SH,20220524,3.19,3.2,3.19,3.2,3.2,0.0,0.0,912248.91,291493.144
601988.SH,20220523,3.2,3.21,3.19,3.2,3.19,0.01,0.3135,1027282.78,328278.84
601988.SH,20220520,3.19,3.21,3.18,3.19,3.18,0.01,0.3145,1386563.49,442944.822
601988.SH,20220519,3.18,3.19,3.17,3.18,3.19,-0.01,-0.3135,1053012.93,334949.034
601988.SH,20220518,3.2,3.2,3.18,3.19,3.2,-0.01,-0.3125,907015.76,289519.898
601988.SH,20220517,3.2,3.21,3.19,3.2,3.19,0.01,0.3135,1024449.83,327874.68
601988.SH,20220516,3.21,3.21,3.18,3.19,3.21,-0.02,-0.6231,1072134.5,342379.054
601988.SH,20220513,3.2,3.21,3.19,3.21,3.2,0.01,0.3125,986056.11,315575.352
601988.SH,20220512,3.19,3.2,3.19,3.2,3.2,0.0,0.0,904584.59,288956.418
601988.SH,20220511,3.2,3.21,3.19,3.2,3.2,0.0,0.0,1319967.63,422028.477
601988.SH,20220510,3.18,3.2,3.16,3.2,3.19,0.01,0.3135,1758089.92,559570.539
601988.SH,20220509,3.19,3.2,3.18,3.19,3.19,0.0,0.0,1091372.92,347904.015
601988.SH,20220506,3.21,3.22,3.18,3.19,3.23,-0.04,-1.2384,1437636.3,459558.54
601988.SH,20220505,3.24,3.25,3.2,3.23,3.23,0.0,0.0,2373570.24,764311.269
601988.SH,20220429,3.26,3.27,3.21,3.23,3.26,-0.03,-0.9202,3714350.31,1203757.346
601988.SH,20220428,3.23,3.28,3.22,3.26,3.23,0.03,0.9288,2210528.68,717916.914
601988.SH,20220427,3.28,3.29,3.21,3.23,3.28,-0.05,-1.5244,2177417.45,706174.67
601988.SH,20220426,3.28,3.3,3.26,3.28,3.27,0.01,0.3058,2155325.3,706699.835
601988.SH,20220425,3.29,3.33,3.27,3.27,3.3,-0.03,-0.9091,2908495.32,960324.343
601988.SH,20220422,3.26,3.32,3.25,3.3,3.27,0.03,0.9174,1956260.86,645425.514
601988.SH,20220421,3.27,3.3,3.26,3.27,3.27,0.0,0.0,1627307.43,534212.907
601988.SH,20220420,3.26,3.28,3.25,3.27,3.26,0.01,0.3067,1260555.26,412264.385
601988.SH,20220419,3.22,3.26,3.22,3.26,3.23,0.03,0.9288,1235753.31,400006.557
601988.SH,20220418,3.27,3.28,3.21,3.23,3.28,-0.05,-1.5244,1803161.14,583829.35
601988.SH,20220415,3.28,3.29,3.27,3.28,3.28,0.0,0.0,1055084.51,346450.141
601988.SH,20220414,3.3,3.32,3.28,3.28,3.29,-0.01,-0.304,1176845.03,387262.673
601988.SH,20220413,3.29,3.33,3.28,3.29,3.3,-0.01,-0.303,1667786.12,551324.181
601988.SH,20220412,3.28,3.3,3.26,3.3,3.28,0.02,0.6098,1935632.5,635588.475
601988.SH,20220411,3.3,3.31,3.28,3.28,3.29,-0.01,-0.304,1874242.93,616933.3
601988.SH,20220408,3.28,3.3,3.27,3.29,3.28,0.01,0.3049,1620981.59,533237.824
601988.SH,20220407,3.3,3.32,3.26,3.28,3.3,-0.02,-0.6061,2351079.54,774553.384
601988.SH,20220406,3.28,3.31,3.26,3.3,3.29,0.01,0.304,2376669.89,781954.555
601988.SH,20220401,3.26,3.29,3.24,3.29,3.27,0.02,0.6116,2433420.12,794861.405
601988.SH,20220331,3.22,3.28,3.21,3.27,3.22,0.05,1.5528,3526742.02,1149498.483
601988.SH,20220330,3.2,3.22,3.19,3.22,3.19,0.03,0.9404,2352249.62,753942.705
601988.SH,20220329,3.16,3.19,3.16,3.19,3.17,0.02,0.6309,1647421.2,523856.326
601988.SH,20220328,3.14,3.17,3.13,3.17,3.16,0.01,0.3165,1114548.63,351775.699
601988.SH,20220325,3.14,3.17,3.12,3.16,3.14,0.02,0.6369,1551892.28,488504.987
601988.SH,20220324,3.13,3.15,3.12,3.14,3.14,0.0,0.0,783666.36,245783.194
601988.SH,20220323,3.15,3.15,3.11,3.14,3.15,-0.01,-0.3175,1363386.69,426729.724
601988.SH,20220322,3.1,3.17,3.09,3.15,3.09,0.06,1.9417,2532815.71,793545.98
601988.SH,20220321,3.09,3.11,3.08,3.09,3.1,-0.01,-0.3226,1245683.53,385459.331
601988.SH,20220318,3.06,3.11,3.05,3.1,3.06,0.04,1.3072,2512425.58,774921.756
601988.SH,20220317,3.08,3.09,3.05,3.06,3.07,-0.01,-0.3257,1987681.46,609118.28
601988.SH,20220316,3.04,3.08,3.02,3.07,3.03,0.04,1.3201,2194095.53,668104.914
601988.SH,20220315,3.09,3.09,3.02,3.03,3.09,-0.06,-1.9417,2902299.85,886628.898
601988.SH,20220314,3.08,3.12,3.07,3.09,3.1,-0.01,-0.3226,1576585.15,489277.432
601988.SH,20220311,3.08,3.11,3.06,3.1,3.08,0.02,0.6494,1789426.5,550569.534
601988.SH,20220310,3.09,3.1,3.08,3.08,3.08,0.0,0.0,1101012.25,339963.853
601988.SH,20220309,3.1,3.11,3.04,3.08,3.1,-0.02,-0.6452,2660491.55,820162.507
601988.SH,20220308,3.12,3.14,3.1,3.1,3.13,-0.03,-0.9585,1500377.44,467690.817
601988.SH,20220307,3.14,3.15,3.12,3.13,3.15,-0.02,-0.6349,1360415.16,426283.66
601988.SH,20220304,3.15,3.16,3.14,3.15,3.15,0.0,0.0,1560240.83,490908.221
601988.SH,20220303,3.13,3.16,3.13,3.15,3.13,0.02,0.639,1374157.76,432082.36
601988.SH,20220302,3.12,3.15,3.11,3.13,3.12,0.01,0.3205,1400138.92,438180.708
601988.SH,20220301,3.11,3.13,3.1,3.12,3.1,0.02,0.6452,1352588.79,421047.647
601988.SH,20220228,3.11,3.12,3.09,3.1,3.11,-0.01,-0.3215,1600033.9,495851.148
601988.SH,20220225,3.12,3.14,3.1,3.11,3.11,0.0,0.0,1415746.24,440864.429
601988.SH,20220224,3.15,3.16,3.1,3.11,3.16,-0.05,-1.5823,2077172.01,649737.942
601988.SH,20220223,3.17,3.18,3.15,3.16,3.17,-0.01,-0.3155,1005425.97,317779.931
601988.SH,20220222,3.17,3.18,3.16,3.17,3.18,-0.01,-0.3145,875274.37,277310.917
601988.SH,20220221,3.19,3.19,3.16,3.18,3.2,-0.02,-0.625,1282485.37,406962.716
601988.SH,20220218,3.18,3.2,3.16,3.2,3.18,0.02,0.6289,1550365.0,492883.82
601988.SH,20220217,3.17,3.2,3.16,3.18,3.17,0.01,0.3155,1685778.59,537253.603
601988.SH,20220216,3.16,3.18,3.15,3.17,3.15,0.02,0.6349,972884.01,307966.291
601988.SH,20220215,3.16,3.18,3.14,3.15,3.17,-0.02,-0.6309,1182725.84,373307.321
601988.SH,20220214,3.19,3.19,3.15,3.17,3.19,-0.02,-0.627,1506864.39,477536.522
601988.SH,20220211,3.19,3.2,3.18,3.19,3.19,0.0,0.0,1505630.26,481039.537
601988.SH,20220210,3.17,3.19,3.16,3.19,3.16,0.03,0.9494,1809835.78,575521.309
601988.SH,20220209,3.17,3.19,3.16,3.16,3.17,-0.01,-0.3155,2347793.67,745320.957
601988.SH,20220208,3.12,3.18,3.12,3.17,3.13,0.04,1.278,2863036.24,902429.652
601988.SH,20220207,3.11,3.13,3.1,3.13,3.09,0.04,1.2945,1588775.19,495359.648
601988.SH,20220128,3.09,3.11,3.08,3.09,3.09,0.0,0.0,1503929.93,466098.023
601988.SH,20220127,3.09,3.1,3.08,3.09,3.09,0.0,0.0,1276558.38,394455.818
601988.SH,20220126,3.09,3.1,3.08,3.09,3.09,0.0,0.0,923932.52,285604.292
601988.SH,20220125,3.11,3.12,3.08,3.09,3.12,-0.03,-0.9615,1576828.12,488789.006
601988.SH,20220124,3.12,3.12,3.1,3.12,3.12,0.0,0.0,1530089.96,476090.301
601988.SH,20220121,3.12,3.13,3.1,3.12,3.12,0.0,0.0,1718877.07,534736.638
601988.SH,20220120,3.11,3.13,3.1,3.12,3.11,0.01,0.3215,1917787.47,598884.978
601988.SH,20220119,3.11,3.12,3.1,3.11,3.12,-0.01,-0.3205,979005.82,304238.08
601988.SH,20220118,3.08,3.12,3.08,3.12,3.09,0.03,0.9709,1588659.83,492383.629
601988.SH,20220117,3.09,3.1,3.08,3.09,3.09,0.0,0.0,1142504.24,352678.538
601988.SH,20220114,3.14,3.14,3.08,3.09,3.14,-0.05,-1.5924,2066599.34,641366.242
601988.SH,20220113,3.11,3.15,3.11,3.14,3.12,0.02,0.641,1761834.26,552599.426
601988.SH,20220112,3.14,3.14,3.1,3.12,3.14,-0.02,-0.6369,1906433.04,593872.351
601988.SH,20220111,3.12,3.15,3.12,3.14,3.13,0.01,0.3195,1361507.6,427509.264
601988.SH,20220110,3.14,3.16,3.11,3.13,3.14,-0.01,-0.3185,1546427.49,484417.958
601988.SH,20220107,3.09,3.14,3.09,3.14,3.09,0.05,1.6181,3189363.14,995648.202
601988.SH,20220106,3.08,3.12,3.08,3.09,3.09,0.0,0.0,1877978.51,580596.961
601988.SH,20220105,3.07,3.1,3.06,3.09,3.07,0.02,0.6515,3129876.17,965536.103
601988.SH,20220104,3.06,3.07,3.05,3.07,3.05,0.02,0.6557,1138933.19,348526.257
601988.SH,20211231,3.05,3.06,3.05,3.05,3.05,0.0,0.0,752906.03,229935.027
601988.SH,20211230,3.06,3.06,3.05,3.05,3.05,0.0,0.0,789926.62,241339.462
601988.SH,20211229,3.06,3.07,3.05,3.05,3.07,-0.02,-0.6515,828136.75,253264.233
601988.SH,20211228,3.06,3.07,3.05,3.07,3.06,0.01,0.3268,1014259.94,310746.286
601988.SH,20211227,3.05,3.06,3.05,3.06,3.05,0.01,0.3279,715925.41,218716.271
601988.SH,20211224,3.06,3.07,3.05,3.05,3.06,-0.01,-0.3268,651110.92,199146.234
601988.SH,20211223,3.06,3.07,3.05,3.06,3.06,0.0,0.0,810387.37,248147.856
601988.SH,20211222,3.06,3.07,3.05,3.06,3.06,0.0,0.0,1102474.25,337503.707
601988.SH,20211221,3.04,3.07,3.04,3.06,3.05,0.01,0.3279,1287984.81,393913.335
601988.SH,20211220,3.05,3.06,3.04,3.05,3.06,-0.01,-0.3268,962789.4,293724.124
601988.SH,20211217,3.05,3.06,3.05,3.06,3.05,0.01,0.3279,882266.65,269437.975
601988.SH,20211216,3.05,3.06,3.05,3.05,3.05,0.0,0.0,1013560.4,309489.922
601988.SH,20211215,3.05,3.06,3.05,3.05,3.05,0.0,0.0,837706.62,255807.65
601988.SH,20211214,3.06,3.07,3.05,3.05,3.06,-0.01,-0.3268,731395.42,223621.184
601988.SH,20211213,3.07,3.07,3.06,3.06,3.07,-0.01,-0.3257,1022849.01,313561.74
601988.SH,20211210,3.07,3.07,3.06,3.07,3.07,0.0,0.0,1262723.49,387051.345
601988.SH,20211209,3.06,3.08,3.05,3.07,3.06,0.01,0.3268,1624295.88,498293.665
601988.SH,20211208,3.06,3.07,3.05,3.06,3.07,-0.01,-0.3257,1204631.74,368167.04
601988.SH,20211207,3.07,3.07,3.05,3.07,3.06,0.01,0.3268,1044947.32,319958.87
601988.SH,20211206,3.06,3.07,3.05,3.06,3.06,0.0,0.0,1239875.58,379534.091
601988.SH,20211203,3.06,3.06,3.05,3.06,3.05,0.01,0.3279,794741.8,242852.581
601988.SH,20211202,3.06,3.06,3.05,3.05,3.06,-0.01,-0.3268,1084449.5,331087.363
601988.SH,20211201,3.04,3.06,3.04,3.06,3.05,0.01,0.3279,639299.43,195195.322
601988.SH,20211130,3.06,3.06,3.04,3.05,3.06,-0.01,-0.3268,1189472.4,362709.276
601988.SH,20211129,3.06,3.07,3.05,3.06,3.07,-0.01,-0.3257,973599.78,297908.501
601988.SH,20211126,3.07,3.08,3.06,3.07,3.08,-0.01,-0.3247,529599.76,162295.679
601988.SH,20211125,3.07,3.08,3.06,3.08,3.08,0.0,0.0,824152.65,252992.173
601988.SH,20211124,3.06,3.08,3.06,3.08,3.07,0.01,0.3257,1157404.33,355170.767
601988.SH,20211123,3.06,3.07,3.06,3.07,3.06,0.01,0.3268,834702.31,255892.054
601988.SH,20211122,3.06,3.07,3.06,3.06,3.06,0.0,0.0,674594.75,206640.133
601988.SH,20211119,3.06,3.07,3.05,3.06,3.06,0.0,0.0,637890.15,195327.826
601988.SH,20211118,3.06,3.07,3.05,3.06,3.07,-0.01,-0.3257,871710.27,266551.468
601988.SH,20211117,3.06,3.07,3.05,3.07,3.06,0.01,0.3268,794612.75,243255.397
601988.SH,20211116,3.06,3.07,3.05,3.06,3.06,0.0,0.0,1001425.95,306553.56
601988.SH,20211115,3.05,3.06,3.05,3.06,3.06,0.0,0.0,595254.62,181924.825
601988.SH,20211112,3.07,3.07,3.05,3.06,3.07,-0.01,-0.3257,581560.56,177766.611
601988.SH,20211111,3.04,3.07,3.03,3.07,3.04,0.03,0.9868,1135651.77,346466.916
601988.SH,20211110,3.03,3.04,3.03,3.04,3.04,0.0,0.0,597292.96,181151.222
601988.SH,20211109,3.03,3.04,3.03,3.04,3.03,0.01,0.33,607317.41,184297.33
601988.SH,20211108,3.04,3.05,3.03,3.03,3.04,-0.01,-0.3289,729383.32,221421.412
601988.SH,20211105,3.04,3.05,3.04,3.04,3.04,0.0,0.0,584065.6,177715.649
601988.SH,20211104,3.04,3.05,3.04,3.04,3.04,0.0,0.0,491399.99,149534.188
601988.SH,20211103,3.05,3.05,3.04,3.04,3.04,0.0,0.0,806154.57,245418.507
601988.SH,20211102,3.07,3.07,3.04,3.04,3.07,-0.03,-0.9772,1494247.73,455932.031
601988.SH,20211101,3.05,3.07,3.05,3.07,3.05,0.02,0.6557,1139805.0,349167.221
601988.SH,20211029,3.05,3.06,3.04,3.05,3.05,0.0,0.0,1082790.91,329894.73
601988.SH,20211028,3.06,3.06,3.04,3.05,3.06,-0.01,-0.3268,897343.17,273664.178
601988.SH,20211027,3.06,3.07,3.05,3.06,3.06,0.0,0.0,906187.79,276994.115
601988.SH,20211026,3.08,3.08,3.06,3.06,3.07,-0.01,-0.3257,900725.06,276095.78
601988.SH,20211025,3.06,3.08,3.06,3.07,3.06,0.01,0.3268,948290.19,290900.478
601988.SH,20211022,3.07,3.08,3.06,3.06,3.08,-0.02,-0.6494,893518.2,274347.047
601988.SH,20211021,3.06,3.08,3.06,3.08,3.06,0.02,0.6536,989735.6,303912.52
601988.SH,20211020,3.07,3.08,3.06,3.06,3.06,0.0,0.0,770553.88,236143.635
601988.SH,20211019,3.06,3.08,3.05,3.06,3.06,0.0,0.0,958286.32,293674.2
601988.SH,20211018,3.05,3.07,3.05,3.06,3.05,0.01,0.3279,1164072.32,355814.837
601988.SH,20211015,3.07,3.07,3.05,3.05,3.06,-0.01,-0.3268,1268540.09,388025.427
601988.SH,20211014,3.07,3.08,3.06,3.06,3.07,-0.01,-0.3257,670862.81,205677.025
601988.SH,20211013,3.08,3.08,3.06,3.07,3.08,-0.01,-0.3247,876284.62,269167.099
601988.SH,20211012,3.08,3.09,3.07,3.08,3.08,0.0,0.0,1366690.59,420872.901
601988.SH,20211011,3.08,3.1,3.07,3.08,3.07,0.01,0.3257,1530612.78,473293.598
601988.SH,20211008,3.05,3.08,3.05,3.07,3.05,0.02,0.6557,1270726.45,389989.359
601988.SH,20210930,3.06,3.06,3.04,3.05,3.06,-0.01,-0.3268,1128132.14,343871.318
601988.SH,20210929,3.06,3.07,3.04,3.06,3.06,0.0,0.0,1449785.05,442774.394
601988.SH,20210928,3.04,3.07,3.04,3.06,3.05,0.01,0.3279,1174800.18,359100.451
601988.SH,20210927,3.05,3.06,3.04,3.05,3.05,0.0,0.0,1051195.11,320358.432
601988.SH,20210924,3.07,3.08,3.05,3.05,3.07,-0.02,-0.6515,1034654.82,316945.111
601988.SH,20210923,3.06,3.08,3.05,3.07,3.05,0.02,0.6557,1547604.18,474843.783
601988.SH,20210922,3.05,3.06,3.04,3.05,3.07,-0.02,-0.6515,1150756.57,350693.428
601988.SH,20210917,3.05,3.08,3.05,3.07,3.05,0.02,0.6557,1143029.87,350102.241
601988.SH,20210916,3.06,3.07,3.04,3.05,3.06,-0.01,-0.3268,2132246.9,652049.013
601988.SH,20210915,3.06,3.07,3.05,3.06,3.06,0.0,0.0,1335837.64,408645.272
601988.SH,20210914,3.11,3.11,3.05,3.06,3.1,-0.04,-1.2903,2042733.8,629035.743
601988.SH,20210913,3.1,3.11,3.09,3.1,3.1,0.0,0.0,1914780.74,593308.246
601988.SH,20210910,3.09,3.12,3.08,3.1,3.09,0.01,0.3236,2681670.52,832083.757
601988.SH,20210909,3.09,3.1,3.08,3.09,3.1,-0.01,-0.3226,1519014.43,468652.336
601988.SH,20210908,3.09,3.11,3.08,3.1,3.09,0.01,0.3236,1848449.59,572265.415
601988.SH,20210907,3.06,3.1,3.06,3.09,3.06,0.03,0.9804,2490207.04,765821.587
601988.SH,20210906,3.06,3.07,3.05,3.06,3.06,0.0,0.0,1535598.09,470336.046
601988.SH,20210903,3.05,3.07,3.04,3.06,3.05,0.01,0.3279,1711089.45,523454.804
601988.SH,20210902,3.05,3.06,3.04,3.05,3.06,-0.01,-0.3268,1279463.79,389972.681
601988.SH,20210901,3.03,3.06,3.02,3.06,3.03,0.03,0.9901,2177080.89,662741.378
601988.SH,20210831,3.0,3.03,3.0,3.03,3.0,0.03,1.0,1500822.8,453000.091
601988.SH,20210830,3.01,3.02,3.0,3.0,3.02,-0.02,-0.6623,1612771.82,484718.994
601988.SH,20210827,3.01,3.02,3.0,3.02,3.01,0.01,0.3322,625192.85,188503.209
601988.SH,20210826,3.01,3.02,3.01,3.01,3.02,-0.01,-0.3311,602567.41,181602.422
601988.SH,20210825,3.03,3.03,3.01,3.02,3.02,0.0,0.0,694588.5,209418.833
601988.SH,20210824,3.03,3.03,3.02,3.02,3.03,-0.01,-0.33,929493.07,280966.153
601988.SH,20210823,3.01,3.03,3.01,3.03,3.02,0.01,0.3311,1040786.5,314474.247
601988.SH,20210820,3.02,3.03,3.01,3.02,3.02,0.0,0.0,940071.77,283623.653
601988.SH,20210819,3.04,3.04,3.01,3.02,3.04,-0.02,-0.6579,983410.16,297060.936
601988.SH,20210818,3.0,3.04,3.0,3.04,3.01,0.03,0.9967,1277783.47,386735.028
601988.SH,20210817,3.02,3.03,3.01,3.01,3.03,-0.02,-0.6601,1134954.97,342537.589
601988.SH,20210816,3.03,3.04,3.02,3.03,3.03,0.0,0.0,947662.47,286896.91
601988.SH,20210813,3.02,3.03,3.01,3.03,3.02,0.01,0.3311,599191.31,181125.693
601988.SH,20210812,3.03,3.04,3.02,3.02,3.04,-0.02,-0.6579,665837.8,201451.277
601988.SH,20210811,3.02,3.04,3.01,3.04,3.02,0.02,0.6623,868753.9,263591.555
601988.SH,20210810,3.01,3.03,3.0,3.02,3.02,0.0,0.0,818653.35,246579.808
601988.SH,20210809,2.99,3.02,2.98,3.02,2.99,0.03,1.0033,936116.27,281472.489
601988.SH,20210806,2.98,3.0,2.98,2.99,2.99,0.0,0.0,948915.95,283439.153
601988.SH,20210805,2.98,2.99,2.98,2.99,2.98,0.01,0.3356,716723.31,214008.715
601988.SH,20210804,2.98,2.99,2.98,2.98,2.99,-0.01,-0.3344,782739.48,233581.55
601988.SH,20210803,3.0,3.01,2.98,2.99,3.01,-0.02,-0.6645,874259.46,261043.305
601988.SH,20210802,2.99,3.01,2.96,3.01,2.99,0.02,0.6689,1601366.83,477766.819
601988.SH,20210730,3.02,3.02,2.99,2.99,3.02,-0.03,-0.9934,1056624.36,316650.546
601988.SH,20210729,3.04,3.05,3.01,3.02,3.04,-0.02,-0.6579,1422594.98,430206.955
601988.SH,20210728,3.04,3.04,3.03,3.04,3.04,0.0,0.0,1357436.61,411885.428
601988.SH,20210727,3.04,3.05,3.03,3.04,3.05,-0.01,-0.3279,1142981.7,347168.294
601988.SH,20210726,3.04,3.05,3.03,3.05,3.04,0.01,0.3289,1302725.07,396224.916
601988.SH,20210723,3.04,3.05,3.04,3.04,3.05,-0.01,-0.3279,769458.65,234257.103
601988.SH,20210722,3.04,3.05,3.04,3.05,3.04,0.01,0.3289,789633.61,240469.677
601988.SH,20210721,3.04,3.05,3.03,3.04,3.04,0.0,0.0,769705.31,234191.869
601988.SH,20210720,3.04,3.05,3.03,3.04,3.04,0.0,0.0,749299.61,227542.783
601988.SH,20210719,3.04,3.05,3.03,3.04,3.05,-0.01,-0.3279,965184.08,293295.244
601988.SH,20210716,3.04,3.05,3.03,3.05,3.04,0.01,0.3289,847802.14,258181.495
601988.SH,20210715,3.03,3.05,3.02,3.04,3.03,0.01,0.33,922700.2,280588.216
601988.SH,20210714,3.06,3.06,3.03,3.03,3.05,-0.02,-0.6557,1557135.27,473491.543
601988.SH,20210713,3.06,3.07,3.05,3.05,3.06,-0.01,-0.3268,1314055.17,401885.769
601988.SH,20210712,3.08,3.08,3.06,3.06,3.07,-0.01,-0.3257,1219711.54,374188.717
601988.SH,20210709,3.06,3.08,3.06,3.07,3.07,0.0,0.0,997913.32,306334.993
601988.SH,20210708,3.08,3.08,3.06,3.07,3.08,-0.01,-0.3247,1373624.29,421512.356
601988.SH,20210707,3.09,3.09,3.07,3.08,3.09,-0.01,-0.3236,863283.5,265731.836
601988.SH,20210706,3.08,3.09,3.07,3.09,3.08,0.01,0.3247,1161960.21,357905.649
601988.SH,20210705,3.07,3.08,3.07,3.08,3.08,0.0,0.0,869427.77,267361.311
